dataset,property,n_compounds,n_unique_compounds,is_binary,value_range
tdc-dili,tdc-dili/dili/dili_positive,36,36,True,0.000-1.000
tdc-herg-central,tdc-herg-central/herg_central/herg_inhibition_1uM_pct,4,4,False,8.470-16.065
tdc-herg-central,tdc-herg-central/herg_central/herg_inhibition_10uM_pct,4,4,False,-17.275-18.513
tdc-herg-central,tdc-herg-central/herg_central/herg_inhibitor,4,4,True,0.000-0.000
tdc-clearance-hepatocyte,tdc-clearance-hepatocyte/clearance_hepatocyte/clearance_hepatocyte,249,231,False,3.000-150.000
tdc-clearance-microsome,tdc-clearance-microsome/clearance_microsome/clearance_microsome,245,245,False,3.000-150.000
tdc-half-life,tdc-half-life/half_life/half_life_hours,43,43,False,0.650-730.000
chempile-tox,chempile-tox/tdc_cyp2c9_veith/label,6,6,True,0.000-0.000
chempile-tox,chempile-tox/tdc_cyp2d6_veith/label,6,6,True,0.000-0.000
chempile-tox,chempile-tox/tdc_carcinogens_lagunin/label,53,52,True,0.000-1.000
chempile-tox,chempile-tox/tdc_ld50_zhu/label,897,879,False,0.582-7.100
chempile-tox,chempile-tox/tdc_skin_reaction/label,143,143,True,0.000-1.000
chempile-tox,chempile-tox/tdc_vdss_lombardo/label,591,581,False,0.040-80.500
chempile-tox,chempile-tox/tdc_solubility_aqsoldb/label,3413,3413,False,-12.950-1.582
chempile-tox,chempile-tox/moleculenet_toxcast/acea_t47d_80hr_negative,11,11,True,0.000-1.000
chempile-tox,chempile-tox/moleculenet_toxcast/acea_t47d_80hr_positive,11,11,True,0.000-0.000
chempile-tox,chempile-tox/moleculenet_toxcast/apr_hepg2_cellcyclearrest_24h_dn,7,7,True,0.000-0.000
chempile-tox,chempile-tox/moleculenet_toxcast/apr_hepg2_cellcyclearrest_24h_up,7,7,True,0.000-0.000
chempile-tox,chempile-tox/moleculenet_toxcast/apr_hepg2_cellcyclearrest_72h_dn,7,7,True,0.000-1.000
chempile-tox,chempile-tox/moleculenet_toxcast/apr_hepg2_cellloss_24h_dn,7,7,True,0.000-1.000
chempile-tox,chempile-tox/moleculenet_toxcast/apr_hepg2_cellloss_72h_dn,7,7,True,0.000-1.000
chempile-tox,chempile-tox/moleculenet_toxcast/apr_hepg2_microtubulecsk_24h_dn,7,7,True,0.000-1.000
chempile-tox,chempile-tox/moleculenet_toxcast/apr_hepg2_microtubulecsk_24h_up,7,7,True,0.000-0.000
chempile-tox,chempile-tox/moleculenet_toxcast/apr_hepg2_microtubulecsk_72h_dn,7,7,True,0.000-0.000
chempile-tox,chempile-tox/moleculenet_toxcast/apr_hepg2_microtubulecsk_72h_up,7,7,True,0.000-0.000
chempile-tox,chempile-tox/moleculenet_toxcast/apr_hepg2_mitomass_24h_dn,7,7,True,0.000-1.000
chempile-tox,chempile-tox/moleculenet_toxcast/apr_hepg2_mitomass_24h_up,7,7,True,0.000-0.000
chempile-tox,chempile-tox/moleculenet_toxcast/apr_hepg2_mitomass_72h_dn,7,7,True,0.000-1.000
chempile-tox,chempile-tox/moleculenet_toxcast/apr_hepg2_mitomass_72h_up,7,7,True,0.000-0.000
chempile-tox,chempile-tox/moleculenet_toxcast/apr_hepg2_mitomembpot_1h_dn,4,4,True,0.000-0.000
chempile-tox,chempile-tox/moleculenet_toxcast/apr_hepg2_mitomembpot_24h_dn,7,7,True,0.000-1.000
chempile-tox,chempile-tox/moleculenet_toxcast/apr_hepg2_mitomembpot_72h_dn,7,7,True,0.000-1.000
chempile-tox,chempile-tox/moleculenet_toxcast/apr_hepg2_mitoticarrest_24h_up,7,7,True,0.000-1.000
chempile-tox,chempile-tox/moleculenet_toxcast/apr_hepg2_mitoticarrest_72h_up,7,7,True,0.000-1.000
chempile-tox,chempile-tox/moleculenet_toxcast/apr_hepg2_nuclearsize_24h_dn,7,7,True,0.000-1.000
chempile-tox,chempile-tox/moleculenet_toxcast/apr_hepg2_nuclearsize_72h_dn,7,7,True,0.000-1.000
chempile-tox,chempile-tox/moleculenet_toxcast/apr_hepg2_nuclearsize_72h_up,7,7,True,0.000-0.000
chempile-tox,chempile-tox/moleculenet_toxcast/apr_hepg2_oxidativestress_24h_up,7,7,True,0.000-1.000
chempile-tox,chempile-tox/moleculenet_toxcast/apr_hepg2_oxidativestress_72h_up,7,7,True,0.000-1.000
chempile-tox,chempile-tox/moleculenet_toxcast/apr_hepg2_stresskinase_1h_up,4,4,True,0.000-0.000
chempile-tox,chempile-tox/moleculenet_toxcast/apr_hepg2_stresskinase_24h_up,7,7,True,0.000-0.000
chempile-tox,chempile-tox/moleculenet_toxcast/apr_hepg2_stresskinase_72h_up,7,7,True,0.000-0.000
chempile-tox,chempile-tox/moleculenet_toxcast/apr_hepg2_p53act_24h_up,7,7,True,0.000-1.000
chempile-tox,chempile-tox/moleculenet_toxcast/apr_hepg2_p53act_72h_up,7,7,True,0.000-1.000
chempile-tox,chempile-tox/moleculenet_toxcast/apr_hepat_apoptosis_24hr_up,4,4,True,0.000-0.000
chempile-tox,chempile-tox/moleculenet_toxcast/apr_hepat_apoptosis_48hr_up,4,4,True,0.000-0.000
chempile-tox,chempile-tox/moleculenet_toxcast/apr_hepat_cellloss_24hr_dn,4,4,True,0.000-0.000
chempile-tox,chempile-tox/moleculenet_toxcast/apr_hepat_cellloss_48hr_dn,4,4,True,0.000-0.000
chempile-tox,chempile-tox/moleculenet_toxcast/apr_hepat_dnadamage_24hr_up,4,4,True,0.000-0.000
chempile-tox,chempile-tox/moleculenet_toxcast/apr_hepat_dnadamage_48hr_up,4,4,True,0.000-0.000
chempile-tox,chempile-tox/moleculenet_toxcast/apr_hepat_dnatexture_24hr_up,4,4,True,0.000-0.000
chempile-tox,chempile-tox/moleculenet_toxcast/apr_hepat_dnatexture_48hr_up,4,4,True,0.000-0.000
chempile-tox,chempile-tox/moleculenet_toxcast/apr_hepat_mitofxni_1hr_dn,4,4,True,0.000-0.000
chempile-tox,chempile-tox/moleculenet_toxcast/apr_hepat_mitofxni_24hr_dn,4,4,True,0.000-1.000
chempile-tox,chempile-tox/moleculenet_toxcast/apr_hepat_mitofxni_48hr_dn,4,4,True,0.000-0.000
chempile-tox,chempile-tox/moleculenet_toxcast/apr_hepat_nuclearsize_24hr_dn,4,4,True,0.000-0.000
chempile-tox,chempile-tox/moleculenet_toxcast/apr_hepat_nuclearsize_48hr_dn,4,4,True,0.000-0.000
chempile-tox,chempile-tox/moleculenet_toxcast/apr_hepat_steatosis_24hr_up,4,4,True,0.000-0.000
chempile-tox,chempile-tox/moleculenet_toxcast/apr_hepat_steatosis_48hr_up,4,4,True,0.000-0.000
chempile-tox,chempile-tox/moleculenet_toxcast/atg_ap_1_cis_dn,24,24,True,0.000-1.000
chempile-tox,chempile-tox/moleculenet_toxcast/atg_ap_1_cis_up,24,24,True,0.000-1.000
chempile-tox,chempile-tox/moleculenet_toxcast/atg_ap_2_cis_dn,24,24,True,0.000-1.000
chempile-tox,chempile-tox/moleculenet_toxcast/atg_ap_2_cis_up,24,24,True,0.000-0.000
chempile-tox,chempile-tox/moleculenet_toxcast/atg_ar_trans_dn,24,24,True,0.000-0.000
chempile-tox,chempile-tox/moleculenet_toxcast/atg_ar_trans_up,24,24,True,0.000-0.000
chempile-tox,chempile-tox/moleculenet_toxcast/atg_ahr_cis_dn,24,24,True,0.000-1.000
chempile-tox,chempile-tox/moleculenet_toxcast/atg_ahr_cis_up,24,24,True,0.000-1.000
chempile-tox,chempile-tox/moleculenet_toxcast/atg_bre_cis_dn,24,24,True,0.000-1.000
chempile-tox,chempile-tox/moleculenet_toxcast/atg_bre_cis_up,24,24,True,0.000-1.000
chempile-tox,chempile-tox/moleculenet_toxcast/atg_car_trans_dn,24,24,True,0.000-0.000
chempile-tox,chempile-tox/moleculenet_toxcast/atg_car_trans_up,24,24,True,0.000-1.000
chempile-tox,chempile-tox/moleculenet_toxcast/atg_cmv_cis_dn,24,24,True,0.000-1.000
chempile-tox,chempile-tox/moleculenet_toxcast/atg_cmv_cis_up,24,24,True,0.000-1.000
chempile-tox,chempile-tox/moleculenet_toxcast/atg_cre_cis_dn,24,24,True,0.000-1.000
chempile-tox,chempile-tox/moleculenet_toxcast/atg_cre_cis_up,24,24,True,0.000-1.000
chempile-tox,chempile-tox/moleculenet_toxcast/atg_c_ebp_cis_dn,24,24,True,0.000-1.000
chempile-tox,chempile-tox/moleculenet_toxcast/atg_c_ebp_cis_up,24,24,True,0.000-1.000
chempile-tox,chempile-tox/moleculenet_toxcast/atg_dr4_lxr_cis_dn,24,24,True,0.000-1.000
chempile-tox,chempile-tox/moleculenet_toxcast/atg_dr4_lxr_cis_up,24,24,True,0.000-0.000
chempile-tox,chempile-tox/moleculenet_toxcast/atg_dr5_cis_dn,24,24,True,0.000-1.000
chempile-tox,chempile-tox/moleculenet_toxcast/atg_dr5_cis_up,24,24,True,0.000-1.000
chempile-tox,chempile-tox/moleculenet_toxcast/atg_e2f_cis_dn,24,24,True,0.000-1.000
chempile-tox,chempile-tox/moleculenet_toxcast/atg_e2f_cis_up,24,24,True,0.000-1.000
chempile-tox,chempile-tox/moleculenet_toxcast/atg_egr_cis_up,24,24,True,0.000-1.000
chempile-tox,chempile-tox/moleculenet_toxcast/atg_ere_cis_dn,24,24,True,0.000-1.000
chempile-tox,chempile-tox/moleculenet_toxcast/atg_ere_cis_up,24,24,True,0.000-1.000
chempile-tox,chempile-tox/moleculenet_toxcast/atg_erra_trans_dn,24,24,True,0.000-0.000
chempile-tox,chempile-tox/moleculenet_toxcast/atg_errg_trans_dn,24,24,True,0.000-1.000
chempile-tox,chempile-tox/moleculenet_toxcast/atg_errg_trans_up,24,24,True,0.000-0.000
chempile-tox,chempile-tox/moleculenet_toxcast/atg_era_trans_up,24,24,True,0.000-1.000
chempile-tox,chempile-tox/moleculenet_toxcast/atg_e_box_cis_dn,24,24,True,0.000-1.000
chempile-tox,chempile-tox/moleculenet_toxcast/atg_e_box_cis_up,24,24,True,0.000-1.000
chempile-tox,chempile-tox/moleculenet_toxcast/atg_ets_cis_dn,24,24,True,0.000-1.000
chempile-tox,chempile-tox/moleculenet_toxcast/atg_ets_cis_up,24,24,True,0.000-0.000
chempile-tox,chempile-tox/moleculenet_toxcast/atg_fxr_trans_up,24,24,True,0.000-0.000
chempile-tox,chempile-tox/moleculenet_toxcast/atg_foxa2_cis_dn,24,24,True,0.000-0.000
chempile-tox,chempile-tox/moleculenet_toxcast/atg_foxa2_cis_up,24,24,True,0.000-1.000
chempile-tox,chempile-tox/moleculenet_toxcast/atg_foxo_cis_dn,24,24,True,0.000-1.000
chempile-tox,chempile-tox/moleculenet_toxcast/atg_foxo_cis_up,24,24,True,0.000-0.000
chempile-tox,chempile-tox/moleculenet_toxcast/atg_gal4_trans_dn,20,20,True,0.000-0.000
chempile-tox,chempile-tox/moleculenet_toxcast/atg_gata_cis_dn,24,24,True,0.000-0.000
chempile-tox,chempile-tox/moleculenet_toxcast/atg_gata_cis_up,24,24,True,0.000-1.000
chempile-tox,chempile-tox/moleculenet_toxcast/atg_gli_cis_dn,24,24,True,0.000-1.000
chempile-tox,chempile-tox/moleculenet_toxcast/atg_gli_cis_up,24,24,True,0.000-1.000
chempile-tox,chempile-tox/moleculenet_toxcast/atg_gre_cis_dn,24,24,True,0.000-1.000
chempile-tox,chempile-tox/moleculenet_toxcast/atg_gre_cis_up,24,24,True,0.000-0.000
chempile-tox,chempile-tox/moleculenet_toxcast/atg_gr_trans_dn,24,24,True,0.000-0.000
chempile-tox,chempile-tox/moleculenet_toxcast/atg_gr_trans_up,24,24,True,0.000-0.000
chempile-tox,chempile-tox/moleculenet_toxcast/atg_hif1a_cis_dn,24,24,True,0.000-1.000
chempile-tox,chempile-tox/moleculenet_toxcast/atg_hif1a_cis_up,24,24,True,0.000-1.000
chempile-tox,chempile-tox/moleculenet_toxcast/atg_hnf4a_trans_dn,24,24,True,0.000-0.000
chempile-tox,chempile-tox/moleculenet_toxcast/atg_hnf4a_trans_up,24,24,True,0.000-1.000
chempile-tox,chempile-tox/moleculenet_toxcast/atg_hnf6_cis_dn,24,24,True,0.000-1.000
chempile-tox,chempile-tox/moleculenet_toxcast/atg_hnf6_cis_up,24,24,True,0.000-0.000
chempile-tox,chempile-tox/moleculenet_toxcast/atg_hse_cis_dn,24,24,True,0.000-0.000
chempile-tox,chempile-tox/moleculenet_toxcast/atg_hse_cis_up,24,24,True,0.000-1.000
chempile-tox,chempile-tox/moleculenet_toxcast/atg_ir1_cis_dn,24,24,True,0.000-1.000
chempile-tox,chempile-tox/moleculenet_toxcast/atg_ir1_cis_up,24,24,True,0.000-0.000
chempile-tox,chempile-tox/moleculenet_toxcast/atg_isre_cis_dn,24,24,True,0.000-1.000
chempile-tox,chempile-tox/moleculenet_toxcast/atg_isre_cis_up,24,24,True,0.000-0.000
chempile-tox,chempile-tox/moleculenet_toxcast/atg_lxra_trans_dn,24,24,True,0.000-0.000
chempile-tox,chempile-tox/moleculenet_toxcast/atg_lxra_trans_up,24,24,True,0.000-0.000
chempile-tox,chempile-tox/moleculenet_toxcast/atg_lxrb_trans_dn,24,24,True,0.000-0.000
chempile-tox,chempile-tox/moleculenet_toxcast/atg_lxrb_trans_up,24,24,True,0.000-0.000
chempile-tox,chempile-tox/moleculenet_toxcast/atg_mre_cis_up,24,24,True,0.000-1.000
chempile-tox,chempile-tox/moleculenet_toxcast/atg_m_06_trans_up,24,24,True,0.000-0.000
chempile-tox,chempile-tox/moleculenet_toxcast/atg_m_19_cis_dn,24,24,True,0.000-1.000
chempile-tox,chempile-tox/moleculenet_toxcast/atg_m_19_trans_dn,24,24,True,0.000-1.000
chempile-tox,chempile-tox/moleculenet_toxcast/atg_m_19_trans_up,24,24,True,0.000-0.000
chempile-tox,chempile-tox/moleculenet_toxcast/atg_m_32_cis_dn,24,24,True,0.000-1.000
chempile-tox,chempile-tox/moleculenet_toxcast/atg_m_32_cis_up,24,24,True,0.000-1.000
chempile-tox,chempile-tox/moleculenet_toxcast/atg_m_32_trans_dn,24,24,True,0.000-1.000
chempile-tox,chempile-tox/moleculenet_toxcast/atg_m_32_trans_up,24,24,True,0.000-0.000
chempile-tox,chempile-tox/moleculenet_toxcast/atg_m_61_trans_up,24,24,True,0.000-0.000
chempile-tox,chempile-tox/moleculenet_toxcast/atg_myb_cis_dn,24,24,True,0.000-0.000
chempile-tox,chempile-tox/moleculenet_toxcast/atg_myb_cis_up,24,24,True,0.000-1.000
chempile-tox,chempile-tox/moleculenet_toxcast/atg_myc_cis_dn,24,24,True,0.000-0.000
chempile-tox,chempile-tox/moleculenet_toxcast/atg_myc_cis_up,24,24,True,0.000-1.000
chempile-tox,chempile-tox/moleculenet_toxcast/atg_nfi_cis_dn,24,24,True,0.000-1.000
chempile-tox,chempile-tox/moleculenet_toxcast/atg_nfi_cis_up,24,24,True,0.000-1.000
chempile-tox,chempile-tox/moleculenet_toxcast/atg_nf_kb_cis_dn,24,24,True,0.000-1.000
chempile-tox,chempile-tox/moleculenet_toxcast/atg_nf_kb_cis_up,24,24,True,0.000-1.000
chempile-tox,chempile-tox/moleculenet_toxcast/atg_nrf1_cis_dn,24,24,True,0.000-1.000
chempile-tox,chempile-tox/moleculenet_toxcast/atg_nrf1_cis_up,24,24,True,0.000-1.000
chempile-tox,chempile-tox/moleculenet_toxcast/atg_nrf2_are_cis_dn,24,24,True,0.000-1.000
chempile-tox,chempile-tox/moleculenet_toxcast/atg_nrf2_are_cis_up,24,24,True,0.000-1.000
chempile-tox,chempile-tox/moleculenet_toxcast/atg_nurr1_trans_dn,24,24,True,0.000-0.000
chempile-tox,chempile-tox/moleculenet_toxcast/atg_nurr1_trans_up,24,24,True,0.000-1.000
chempile-tox,chempile-tox/moleculenet_toxcast/atg_oct_mlp_cis_dn,24,24,True,0.000-0.000
chempile-tox,chempile-tox/moleculenet_toxcast/atg_oct_mlp_cis_up,24,24,True,0.000-1.000
chempile-tox,chempile-tox/moleculenet_toxcast/atg_pbrem_cis_dn,24,24,True,0.000-0.000
chempile-tox,chempile-tox/moleculenet_toxcast/atg_pbrem_cis_up,24,24,True,0.000-1.000
chempile-tox,chempile-tox/moleculenet_toxcast/atg_ppara_trans_dn,24,24,True,0.000-0.000
chempile-tox,chempile-tox/moleculenet_toxcast/atg_ppara_trans_up,24,24,True,0.000-0.000
chempile-tox,chempile-tox/moleculenet_toxcast/atg_ppard_trans_up,24,24,True,0.000-0.000
chempile-tox,chempile-tox/moleculenet_toxcast/atg_pparg_trans_up,24,24,True,0.000-1.000
chempile-tox,chempile-tox/moleculenet_toxcast/atg_ppre_cis_dn,24,24,True,0.000-1.000
chempile-tox,chempile-tox/moleculenet_toxcast/atg_ppre_cis_up,24,24,True,0.000-1.000
chempile-tox,chempile-tox/moleculenet_toxcast/atg_pxre_cis_dn,24,24,True,0.000-1.000
chempile-tox,chempile-tox/moleculenet_toxcast/atg_pxre_cis_up,24,24,True,0.000-1.000
chempile-tox,chempile-tox/moleculenet_toxcast/atg_pxr_trans_dn,24,24,True,0.000-0.000
chempile-tox,chempile-tox/moleculenet_toxcast/atg_pxr_trans_up,24,24,True,0.000-1.000
chempile-tox,chempile-tox/moleculenet_toxcast/atg_pax6_cis_up,24,24,True,0.000-1.000
chempile-tox,chempile-tox/moleculenet_toxcast/atg_rara_trans_dn,24,24,True,0.000-1.000
chempile-tox,chempile-tox/moleculenet_toxcast/atg_rara_trans_up,24,24,True,0.000-0.000
chempile-tox,chempile-tox/moleculenet_toxcast/atg_rarb_trans_dn,24,24,True,0.000-1.000
chempile-tox,chempile-tox/moleculenet_toxcast/atg_rarb_trans_up,24,24,True,0.000-1.000
chempile-tox,chempile-tox/moleculenet_toxcast/atg_rarg_trans_dn,24,24,True,0.000-1.000
chempile-tox,chempile-tox/moleculenet_toxcast/atg_rarg_trans_up,24,24,True,0.000-0.000
chempile-tox,chempile-tox/moleculenet_toxcast/atg_rore_cis_dn,24,24,True,0.000-0.000
chempile-tox,chempile-tox/moleculenet_toxcast/atg_rore_cis_up,24,24,True,0.000-1.000
chempile-tox,chempile-tox/moleculenet_toxcast/atg_rorb_trans_dn,24,24,True,0.000-0.000
chempile-tox,chempile-tox/moleculenet_toxcast/atg_rorg_trans_dn,24,24,True,0.000-0.000
chempile-tox,chempile-tox/moleculenet_toxcast/atg_rorg_trans_up,24,24,True,0.000-0.000
chempile-tox,chempile-tox/moleculenet_toxcast/atg_rxra_trans_dn,24,24,True,0.000-1.000
chempile-tox,chempile-tox/moleculenet_toxcast/atg_rxra_trans_up,24,24,True,0.000-1.000
chempile-tox,chempile-tox/moleculenet_toxcast/atg_rxrb_trans_dn,24,24,True,0.000-0.000
chempile-tox,chempile-tox/moleculenet_toxcast/atg_rxrb_trans_up,24,24,True,0.000-1.000
chempile-tox,chempile-tox/moleculenet_toxcast/atg_srebp_cis_dn,24,24,True,0.000-1.000
chempile-tox,chempile-tox/moleculenet_toxcast/atg_srebp_cis_up,24,24,True,0.000-1.000
chempile-tox,chempile-tox/moleculenet_toxcast/atg_stat3_cis_dn,24,24,True,0.000-1.000
chempile-tox,chempile-tox/moleculenet_toxcast/atg_stat3_cis_up,24,24,True,0.000-1.000
chempile-tox,chempile-tox/moleculenet_toxcast/atg_sox_cis_dn,24,24,True,0.000-0.000
chempile-tox,chempile-tox/moleculenet_toxcast/atg_sox_cis_up,24,24,True,0.000-1.000
chempile-tox,chempile-tox/moleculenet_toxcast/atg_sp1_cis_dn,24,24,True,0.000-1.000
chempile-tox,chempile-tox/moleculenet_toxcast/atg_sp1_cis_up,24,24,True,0.000-1.000
chempile-tox,chempile-tox/moleculenet_toxcast/atg_tal_cis_dn,24,24,True,0.000-1.000
chempile-tox,chempile-tox/moleculenet_toxcast/atg_tal_cis_up,24,24,True,0.000-0.000
chempile-tox,chempile-tox/moleculenet_toxcast/atg_ta_cis_dn,24,24,True,0.000-0.000
chempile-tox,chempile-tox/moleculenet_toxcast/atg_ta_cis_up,24,24,True,0.000-1.000
chempile-tox,chempile-tox/moleculenet_toxcast/atg_tcf_b_cat_cis_dn,24,24,True,0.000-1.000
chempile-tox,chempile-tox/moleculenet_toxcast/atg_tcf_b_cat_cis_up,24,24,True,0.000-0.000
chempile-tox,chempile-tox/moleculenet_toxcast/atg_tgfb_cis_dn,24,24,True,0.000-1.000
chempile-tox,chempile-tox/moleculenet_toxcast/atg_tgfb_cis_up,24,24,True,0.000-1.000
chempile-tox,chempile-tox/moleculenet_toxcast/atg_thra1_trans_dn,24,24,True,0.000-0.000
chempile-tox,chempile-tox/moleculenet_toxcast/atg_thra1_trans_up,24,24,True,0.000-0.000
chempile-tox,chempile-tox/moleculenet_toxcast/atg_vdre_cis_dn,24,24,True,0.000-0.000
chempile-tox,chempile-tox/moleculenet_toxcast/atg_vdre_cis_up,24,24,True,0.000-1.000
chempile-tox,chempile-tox/moleculenet_toxcast/atg_vdr_trans_dn,24,24,True,0.000-0.000
chempile-tox,chempile-tox/moleculenet_toxcast/atg_vdr_trans_up,24,24,True,0.000-0.000
chempile-tox,chempile-tox/moleculenet_toxcast/atg_xtt_cytotoxicity_up,18,18,True,0.000-1.000
chempile-tox,chempile-tox/moleculenet_toxcast/atg_xbp1_cis_dn,24,24,True,0.000-0.000
chempile-tox,chempile-tox/moleculenet_toxcast/atg_xbp1_cis_up,24,24,True,0.000-1.000
chempile-tox,chempile-tox/moleculenet_toxcast/atg_p53_cis_dn,24,24,True,0.000-1.000
chempile-tox,chempile-tox/moleculenet_toxcast/atg_p53_cis_up,24,24,True,0.000-0.000
chempile-tox,chempile-tox/moleculenet_toxcast/bsk_3c_eselectin_down,10,10,True,0.000-1.000
chempile-tox,chempile-tox/moleculenet_toxcast/bsk_3c_hladr_down,10,10,True,0.000-1.000
chempile-tox,chempile-tox/moleculenet_toxcast/bsk_3c_icam1_down,10,10,True,0.000-1.000
chempile-tox,chempile-tox/moleculenet_toxcast/bsk_3c_il8_down,10,10,True,0.000-1.000
chempile-tox,chempile-tox/moleculenet_toxcast/bsk_3c_mcp1_down,10,10,True,0.000-1.000
chempile-tox,chempile-tox/moleculenet_toxcast/bsk_3c_mig_down,10,10,True,0.000-1.000
chempile-tox,chempile-tox/moleculenet_toxcast/bsk_3c_proliferation_down,10,10,True,0.000-1.000
chempile-tox,chempile-tox/moleculenet_toxcast/bsk_3c_srb_down,10,10,True,0.000-1.000
chempile-tox,chempile-tox/moleculenet_toxcast/bsk_3c_thrombomodulin_down,10,10,True,0.000-0.000
chempile-tox,chempile-tox/moleculenet_toxcast/bsk_3c_thrombomodulin_up,10,10,True,0.000-1.000
chempile-tox,chempile-tox/moleculenet_toxcast/bsk_3c_tissuefactor_down,10,10,True,0.000-1.000
chempile-tox,chempile-tox/moleculenet_toxcast/bsk_3c_tissuefactor_up,10,10,True,0.000-0.000
chempile-tox,chempile-tox/moleculenet_toxcast/bsk_3c_vcam1_down,10,10,True,0.000-1.000
chempile-tox,chempile-tox/moleculenet_toxcast/bsk_3c_vis_down,10,10,True,0.000-1.000
chempile-tox,chempile-tox/moleculenet_toxcast/bsk_3c_upar_down,10,10,True,0.000-1.000
chempile-tox,chempile-tox/moleculenet_toxcast/bsk_4h_eotaxin3_down,10,10,True,0.000-1.000
chempile-tox,chempile-tox/moleculenet_toxcast/bsk_4h_mcp1_down,10,10,True,0.000-1.000
chempile-tox,chempile-tox/moleculenet_toxcast/bsk_4h_pselectin_down,10,10,True,0.000-1.000
chempile-tox,chempile-tox/moleculenet_toxcast/bsk_4h_pselectin_up,10,10,True,0.000-0.000
chempile-tox,chempile-tox/moleculenet_toxcast/bsk_4h_srb_down,10,10,True,0.000-1.000
chempile-tox,chempile-tox/moleculenet_toxcast/bsk_4h_vcam1_down,10,10,True,0.000-1.000
chempile-tox,chempile-tox/moleculenet_toxcast/bsk_4h_vegfrii_down,10,10,True,0.000-1.000
chempile-tox,chempile-tox/moleculenet_toxcast/bsk_4h_upar_down,10,10,True,0.000-1.000
chempile-tox,chempile-tox/moleculenet_toxcast/bsk_4h_upar_up,10,10,True,0.000-0.000
chempile-tox,chempile-tox/moleculenet_toxcast/bsk_be3c_hladr_down,10,10,True,0.000-1.000
chempile-tox,chempile-tox/moleculenet_toxcast/bsk_be3c_il1a_down,10,10,True,0.000-1.000
chempile-tox,chempile-tox/moleculenet_toxcast/bsk_be3c_ip10_down,10,10,True,0.000-1.000
chempile-tox,chempile-tox/moleculenet_toxcast/bsk_be3c_mig_down,10,10,True,0.000-1.000
chempile-tox,chempile-tox/moleculenet_toxcast/bsk_be3c_mmp1_down,10,10,True,0.000-1.000
chempile-tox,chempile-tox/moleculenet_toxcast/bsk_be3c_mmp1_up,10,10,True,0.000-1.000
chempile-tox,chempile-tox/moleculenet_toxcast/bsk_be3c_pai1_down,10,10,True,0.000-1.000
chempile-tox,chempile-tox/moleculenet_toxcast/bsk_be3c_srb_down,10,10,True,0.000-1.000
chempile-tox,chempile-tox/moleculenet_toxcast/bsk_be3c_tgfb1_down,10,10,True,0.000-1.000
chempile-tox,chempile-tox/moleculenet_toxcast/bsk_be3c_tpa_down,10,10,True,0.000-1.000
chempile-tox,chempile-tox/moleculenet_toxcast/bsk_be3c_upar_down,10,10,True,0.000-1.000
chempile-tox,chempile-tox/moleculenet_toxcast/bsk_be3c_upar_up,10,10,True,0.000-0.000
chempile-tox,chempile-tox/moleculenet_toxcast/bsk_be3c_upa_down,10,10,True,0.000-1.000
chempile-tox,chempile-tox/moleculenet_toxcast/bsk_casm3c_hladr_down,10,10,True,0.000-1.000
chempile-tox,chempile-tox/moleculenet_toxcast/bsk_casm3c_il6_down,10,10,True,0.000-1.000
chempile-tox,chempile-tox/moleculenet_toxcast/bsk_casm3c_il6_up,10,10,True,0.000-1.000
chempile-tox,chempile-tox/moleculenet_toxcast/bsk_casm3c_il8_down,10,10,True,0.000-1.000
chempile-tox,chempile-tox/moleculenet_toxcast/bsk_casm3c_ldlr_down,10,10,True,0.000-1.000
chempile-tox,chempile-tox/moleculenet_toxcast/bsk_casm3c_ldlr_up,10,10,True,0.000-1.000
chempile-tox,chempile-tox/moleculenet_toxcast/bsk_casm3c_mcp1_down,10,10,True,0.000-1.000
chempile-tox,chempile-tox/moleculenet_toxcast/bsk_casm3c_mcp1_up,10,10,True,0.000-1.000
chempile-tox,chempile-tox/moleculenet_toxcast/bsk_casm3c_mcsf_down,10,10,True,0.000-1.000
chempile-tox,chempile-tox/moleculenet_toxcast/bsk_casm3c_mcsf_up,10,10,True,0.000-0.000
chempile-tox,chempile-tox/moleculenet_toxcast/bsk_casm3c_mig_down,10,10,True,0.000-1.000
chempile-tox,chempile-tox/moleculenet_toxcast/bsk_casm3c_proliferation_down,10,10,True,0.000-1.000
chempile-tox,chempile-tox/moleculenet_toxcast/bsk_casm3c_proliferation_up,10,10,True,0.000-0.000
chempile-tox,chempile-tox/moleculenet_toxcast/bsk_casm3c_saa_down,10,10,True,0.000-1.000
chempile-tox,chempile-tox/moleculenet_toxcast/bsk_casm3c_saa_up,10,10,True,0.000-1.000
chempile-tox,chempile-tox/moleculenet_toxcast/bsk_casm3c_srb_down,10,10,True,0.000-1.000
chempile-tox,chempile-tox/moleculenet_toxcast/bsk_casm3c_thrombomodulin_down,10,10,True,0.000-1.000
chempile-tox,chempile-tox/moleculenet_toxcast/bsk_casm3c_thrombomodulin_up,10,10,True,0.000-1.000
chempile-tox,chempile-tox/moleculenet_toxcast/bsk_casm3c_tissuefactor_down,10,10,True,0.000-1.000
chempile-tox,chempile-tox/moleculenet_toxcast/bsk_casm3c_vcam1_down,10,10,True,0.000-1.000
chempile-tox,chempile-tox/moleculenet_toxcast/bsk_casm3c_vcam1_up,10,10,True,0.000-0.000
chempile-tox,chempile-tox/moleculenet_toxcast/bsk_casm3c_upar_down,10,10,True,0.000-1.000
chempile-tox,chempile-tox/moleculenet_toxcast/bsk_casm3c_upar_up,10,10,True,0.000-0.000
chempile-tox,chempile-tox/moleculenet_toxcast/bsk_kf3ct_icam1_down,10,10,True,0.000-1.000
chempile-tox,chempile-tox/moleculenet_toxcast/bsk_kf3ct_il1a_down,10,10,True,0.000-1.000
chempile-tox,chempile-tox/moleculenet_toxcast/bsk_kf3ct_ip10_down,10,10,True,0.000-1.000
chempile-tox,chempile-tox/moleculenet_toxcast/bsk_kf3ct_ip10_up,10,10,True,0.000-0.000
chempile-tox,chempile-tox/moleculenet_toxcast/bsk_kf3ct_mcp1_down,10,10,True,0.000-1.000
chempile-tox,chempile-tox/moleculenet_toxcast/bsk_kf3ct_mcp1_up,10,10,True,0.000-0.000
chempile-tox,chempile-tox/moleculenet_toxcast/bsk_kf3ct_mmp9_down,10,10,True,0.000-1.000
chempile-tox,chempile-tox/moleculenet_toxcast/bsk_kf3ct_srb_down,10,10,True,0.000-1.000
chempile-tox,chempile-tox/moleculenet_toxcast/bsk_kf3ct_tgfb1_down,10,10,True,0.000-1.000
chempile-tox,chempile-tox/moleculenet_toxcast/bsk_kf3ct_timp2_down,10,10,True,0.000-1.000
chempile-tox,chempile-tox/moleculenet_toxcast/bsk_kf3ct_upa_down,10,10,True,0.000-1.000
chempile-tox,chempile-tox/moleculenet_toxcast/bsk_lps_cd40_down,10,10,True,0.000-1.000
chempile-tox,chempile-tox/moleculenet_toxcast/bsk_lps_eselectin_down,10,10,True,0.000-1.000
chempile-tox,chempile-tox/moleculenet_toxcast/bsk_lps_eselectin_up,10,10,True,0.000-0.000
chempile-tox,chempile-tox/moleculenet_toxcast/bsk_lps_il1a_down,10,10,True,0.000-1.000
chempile-tox,chempile-tox/moleculenet_toxcast/bsk_lps_il1a_up,10,10,True,0.000-0.000
chempile-tox,chempile-tox/moleculenet_toxcast/bsk_lps_il8_down,10,10,True,0.000-1.000
chempile-tox,chempile-tox/moleculenet_toxcast/bsk_lps_il8_up,10,10,True,0.000-0.000
chempile-tox,chempile-tox/moleculenet_toxcast/bsk_lps_mcp1_down,10,10,True,0.000-1.000
chempile-tox,chempile-tox/moleculenet_toxcast/bsk_lps_mcsf_down,10,10,True,0.000-1.000
chempile-tox,chempile-tox/moleculenet_toxcast/bsk_lps_pge2_down,10,10,True,0.000-1.000
chempile-tox,chempile-tox/moleculenet_toxcast/bsk_lps_pge2_up,10,10,True,0.000-1.000
chempile-tox,chempile-tox/moleculenet_toxcast/bsk_lps_srb_down,10,10,True,0.000-1.000
chempile-tox,chempile-tox/moleculenet_toxcast/bsk_lps_tnfa_down,10,10,True,0.000-1.000
chempile-tox,chempile-tox/moleculenet_toxcast/bsk_lps_tnfa_up,10,10,True,0.000-0.000
chempile-tox,chempile-tox/moleculenet_toxcast/bsk_lps_tissuefactor_down,10,10,True,0.000-1.000
chempile-tox,chempile-tox/moleculenet_toxcast/bsk_lps_tissuefactor_up,10,10,True,0.000-1.000
chempile-tox,chempile-tox/moleculenet_toxcast/bsk_lps_vcam1_down,10,10,True,0.000-1.000
chempile-tox,chempile-tox/moleculenet_toxcast/bsk_sag_cd38_down,10,10,True,0.000-1.000
chempile-tox,chempile-tox/moleculenet_toxcast/bsk_sag_cd40_down,10,10,True,0.000-1.000
chempile-tox,chempile-tox/moleculenet_toxcast/bsk_sag_cd69_down,10,10,True,0.000-1.000
chempile-tox,chempile-tox/moleculenet_toxcast/bsk_sag_eselectin_down,10,10,True,0.000-1.000
chempile-tox,chempile-tox/moleculenet_toxcast/bsk_sag_eselectin_up,10,10,True,0.000-0.000
chempile-tox,chempile-tox/moleculenet_toxcast/bsk_sag_il8_down,10,10,True,0.000-1.000
chempile-tox,chempile-tox/moleculenet_toxcast/bsk_sag_il8_up,10,10,True,0.000-0.000
chempile-tox,chempile-tox/moleculenet_toxcast/bsk_sag_mcp1_down,10,10,True,0.000-1.000
chempile-tox,chempile-tox/moleculenet_toxcast/bsk_sag_mig_down,10,10,True,0.000-1.000
chempile-tox,chempile-tox/moleculenet_toxcast/bsk_sag_pbmccytotoxicity_down,10,10,True,0.000-1.000
chempile-tox,chempile-tox/moleculenet_toxcast/bsk_sag_pbmccytotoxicity_up,10,10,True,0.000-0.000
chempile-tox,chempile-tox/moleculenet_toxcast/bsk_sag_proliferation_down,10,10,True,0.000-1.000
chempile-tox,chempile-tox/moleculenet_toxcast/bsk_sag_srb_down,10,10,True,0.000-1.000
chempile-tox,chempile-tox/moleculenet_toxcast/bsk_hdfcgf_collageniii_down,10,10,True,0.000-1.000
chempile-tox,chempile-tox/moleculenet_toxcast/bsk_hdfcgf_egfr_down,10,10,True,0.000-1.000
chempile-tox,chempile-tox/moleculenet_toxcast/bsk_hdfcgf_egfr_up,10,10,True,0.000-0.000
chempile-tox,chempile-tox/moleculenet_toxcast/bsk_hdfcgf_il8_down,10,10,True,0.000-1.000
chempile-tox,chempile-tox/moleculenet_toxcast/bsk_hdfcgf_ip10_down,10,10,True,0.000-1.000
chempile-tox,chempile-tox/moleculenet_toxcast/bsk_hdfcgf_mcsf_down,10,10,True,0.000-1.000
chempile-tox,chempile-tox/moleculenet_toxcast/bsk_hdfcgf_mig_down,10,10,True,0.000-1.000
chempile-tox,chempile-tox/moleculenet_toxcast/bsk_hdfcgf_mmp1_down,10,10,True,0.000-1.000
chempile-tox,chempile-tox/moleculenet_toxcast/bsk_hdfcgf_mmp1_up,10,10,True,0.000-1.000
chempile-tox,chempile-tox/moleculenet_toxcast/bsk_hdfcgf_pai1_down,10,10,True,0.000-1.000
chempile-tox,chempile-tox/moleculenet_toxcast/bsk_hdfcgf_proliferation_down,10,10,True,0.000-1.000
chempile-tox,chempile-tox/moleculenet_toxcast/bsk_hdfcgf_srb_down,10,10,True,0.000-1.000
chempile-tox,chempile-tox/moleculenet_toxcast/bsk_hdfcgf_timp1_down,10,10,True,0.000-1.000
chempile-tox,chempile-tox/moleculenet_toxcast/bsk_hdfcgf_vcam1_down,10,10,True,0.000-1.000
chempile-tox,chempile-tox/moleculenet_toxcast/ceetox_h295r_11dcort_dn,3,3,True,0.000-1.000
chempile-tox,chempile-tox/moleculenet_toxcast/ceetox_h295r_andr_dn,3,3,True,0.000-1.000
chempile-tox,chempile-tox/moleculenet_toxcast/ceetox_h295r_cortisol_dn,3,3,True,0.000-0.000
chempile-tox,chempile-tox/moleculenet_toxcast/ceetox_h295r_doc_dn,3,3,True,0.000-1.000
chempile-tox,chempile-tox/moleculenet_toxcast/ceetox_h295r_doc_up,3,3,True,0.000-0.000
chempile-tox,chempile-tox/moleculenet_toxcast/ceetox_h295r_estradiol_dn,3,3,True,0.000-0.000
chempile-tox,chempile-tox/moleculenet_toxcast/ceetox_h295r_estradiol_up,3,3,True,0.000-1.000
chempile-tox,chempile-tox/moleculenet_toxcast/ceetox_h295r_estrone_dn,3,3,True,0.000-0.000
chempile-tox,chempile-tox/moleculenet_toxcast/ceetox_h295r_estrone_up,3,3,True,0.000-1.000
chempile-tox,chempile-tox/moleculenet_toxcast/ceetox_h295r_ohpreg_up,2,2,True,0.000-1.000
chempile-tox,chempile-tox/moleculenet_toxcast/ceetox_h295r_ohprog_dn,3,3,True,0.000-1.000
chempile-tox,chempile-tox/moleculenet_toxcast/ceetox_h295r_ohprog_up,3,3,True,0.000-1.000
chempile-tox,chempile-tox/moleculenet_toxcast/ceetox_h295r_prog_up,3,3,True,0.000-1.000
chempile-tox,chempile-tox/moleculenet_toxcast/ceetox_h295r_testo_dn,3,3,True,0.000-0.000
chempile-tox,chempile-tox/moleculenet_toxcast/cld_abcb1_48hr,4,4,True,0.000-0.000
chempile-tox,chempile-tox/moleculenet_toxcast/cld_abcg2_48hr,4,4,True,0.000-0.000
chempile-tox,chempile-tox/moleculenet_toxcast/cld_cyp1a1_24hr,4,4,True,0.000-1.000
chempile-tox,chempile-tox/moleculenet_toxcast/cld_cyp1a1_48hr,3,3,True,0.000-1.000
chempile-tox,chempile-tox/moleculenet_toxcast/cld_cyp1a1_6hr,4,4,True,0.000-0.000
chempile-tox,chempile-tox/moleculenet_toxcast/cld_cyp1a2_24hr,4,4,True,0.000-1.000
chempile-tox,chempile-tox/moleculenet_toxcast/cld_cyp1a2_48hr,4,4,True,0.000-1.000
chempile-tox,chempile-tox/moleculenet_toxcast/cld_cyp1a2_6hr,4,4,True,0.000-1.000
chempile-tox,chempile-tox/moleculenet_toxcast/cld_cyp2b6_24hr,4,4,True,0.000-1.000
chempile-tox,chempile-tox/moleculenet_toxcast/cld_cyp2b6_48hr,4,4,True,0.000-1.000
chempile-tox,chempile-tox/moleculenet_toxcast/cld_cyp2b6_6hr,4,4,True,0.000-1.000
chempile-tox,chempile-tox/moleculenet_toxcast/cld_cyp3a4_24hr,4,4,True,0.000-1.000
chempile-tox,chempile-tox/moleculenet_toxcast/cld_cyp3a4_48hr,3,3,True,0.000-1.000
chempile-tox,chempile-tox/moleculenet_toxcast/cld_cyp3a4_6hr,4,4,True,0.000-1.000
chempile-tox,chempile-tox/moleculenet_toxcast/cld_gsta2_48hr,4,4,True,0.000-1.000
chempile-tox,chempile-tox/moleculenet_toxcast/cld_sult2a_24hr,4,4,True,0.000-0.000
chempile-tox,chempile-tox/moleculenet_toxcast/cld_sult2a_48hr,4,4,True,0.000-1.000
chempile-tox,chempile-tox/moleculenet_toxcast/cld_ugt1a1_24hr,4,4,True,0.000-1.000
chempile-tox,chempile-tox/moleculenet_toxcast/cld_ugt1a1_48hr,4,4,True,0.000-1.000
chempile-tox,chempile-tox/moleculenet_toxcast/ncct_hek293t_celltiterglo,2,2,True,0.000-0.000
chempile-tox,chempile-tox/moleculenet_toxcast/ncct_quantilum_inhib_2_dn,2,2,True,0.000-0.000
chempile-tox,chempile-tox/moleculenet_toxcast/ncct_quantilum_inhib_dn,2,2,True,1.000-1.000
chempile-tox,chempile-tox/moleculenet_toxcast/ncct_tpo_aur_dn,2,2,True,0.000-1.000
chempile-tox,chempile-tox/moleculenet_toxcast/nheerl_zf_144hpf_teratoscore_up,6,6,True,0.000-1.000
chempile-tox,chempile-tox/moleculenet_toxcast/nvs_adme_hcyp19a1,3,3,True,0.000-1.000
chempile-tox,chempile-tox/moleculenet_toxcast/nvs_adme_hcyp2c19,2,2,True,1.000-1.000
chempile-tox,chempile-tox/moleculenet_toxcast/nvs_adme_hcyp2c9,2,2,True,0.000-1.000
chempile-tox,chempile-tox/moleculenet_toxcast/nvs_adme_hcyp2d6,1,1,True,1.000-1.000
chempile-tox,chempile-tox/moleculenet_toxcast/nvs_adme_hcyp3a4,2,2,True,0.000-1.000
chempile-tox,chempile-tox/moleculenet_toxcast/nvs_enz_hache,2,2,True,1.000-1.000
chempile-tox,chempile-tox/moleculenet_toxcast/nvs_enz_hbace,2,2,True,0.000-0.000
chempile-tox,chempile-tox/moleculenet_toxcast/nvs_enz_hcasp5,1,1,True,0.000-0.000
chempile-tox,chempile-tox/moleculenet_toxcast/nvs_enz_hes,2,2,True,1.000-1.000
chempile-tox,chempile-tox/moleculenet_toxcast/nvs_enz_helastase,3,3,True,0.000-1.000
chempile-tox,chempile-tox/moleculenet_toxcast/nvs_enz_hmmp1,1,1,True,1.000-1.000
chempile-tox,chempile-tox/moleculenet_toxcast/nvs_enz_hmmp13,2,2,True,0.000-1.000
chempile-tox,chempile-tox/moleculenet_toxcast/nvs_enz_hmmp2,1,1,True,1.000-1.000
chempile-tox,chempile-tox/moleculenet_toxcast/nvs_enz_hmmp3,2,2,True,0.000-1.000
chempile-tox,chempile-tox/moleculenet_toxcast/nvs_enz_hmmp9,1,1,True,1.000-1.000
chempile-tox,chempile-tox/moleculenet_toxcast/nvs_enz_hpde5,1,1,True,0.000-0.000
chempile-tox,chempile-tox/moleculenet_toxcast/nvs_enz_hpten,1,1,True,0.000-0.000
chempile-tox,chempile-tox/moleculenet_toxcast/nvs_enz_hptpn11,1,1,True,0.000-0.000
chempile-tox,chempile-tox/moleculenet_toxcast/nvs_enz_hptprc,2,2,True,0.000-0.000
chempile-tox,chempile-tox/moleculenet_toxcast/nvs_enz_hvegfr2,1,1,True,0.000-0.000
chempile-tox,chempile-tox/moleculenet_toxcast/nvs_enz_rache,3,3,True,0.000-1.000
chempile-tox,chempile-tox/moleculenet_toxcast/nvs_enz_rcnos,1,1,True,1.000-1.000
chempile-tox,chempile-tox/moleculenet_toxcast/nvs_enz_rmaobp,1,1,True,0.000-0.000
chempile-tox,chempile-tox/moleculenet_toxcast/nvs_gpcr_bdr_nonselective,1,1,True,1.000-1.000
chempile-tox,chempile-tox/moleculenet_toxcast/nvs_gpcr_g5ht4,2,2,True,1.000-1.000
chempile-tox,chempile-tox/moleculenet_toxcast/nvs_gpcr_gh2,1,1,True,1.000-1.000
chempile-tox,chempile-tox/moleculenet_toxcast/nvs_gpcr_gmperipheral_nonselective,1,1,True,1.000-1.000
chempile-tox,chempile-tox/moleculenet_toxcast/nvs_gpcr_gopiatek,2,2,True,1.000-1.000
chempile-tox,chempile-tox/moleculenet_toxcast/nvs_gpcr_h5ht2a,1,1,True,1.000-1.000
chempile-tox,chempile-tox/moleculenet_toxcast/nvs_gpcr_h5ht5a,2,2,True,1.000-1.000
chempile-tox,chempile-tox/moleculenet_toxcast/nvs_gpcr_h5ht6,1,1,True,1.000-1.000
chempile-tox,chempile-tox/moleculenet_toxcast/nvs_gpcr_h5ht7,2,2,True,1.000-1.000
chempile-tox,chempile-tox/moleculenet_toxcast/nvs_gpcr_hat1,1,1,True,1.000-1.000
chempile-tox,chempile-tox/moleculenet_toxcast/nvs_gpcr_hadora1,2,2,True,0.000-0.000
chempile-tox,chempile-tox/moleculenet_toxcast/nvs_gpcr_hadora2a,1,1,True,1.000-1.000
chempile-tox,chempile-tox/moleculenet_toxcast/nvs_gpcr_hadra2a,2,2,True,1.000-1.000
chempile-tox,chempile-tox/moleculenet_toxcast/nvs_gpcr_hadra2c,2,2,True,0.000-1.000
chempile-tox,chempile-tox/moleculenet_toxcast/nvs_gpcr_hadrb1,1,1,True,1.000-1.000
chempile-tox,chempile-tox/moleculenet_toxcast/nvs_gpcr_hadrb2,1,1,True,1.000-1.000
chempile-tox,chempile-tox/moleculenet_toxcast/nvs_gpcr_hadrb3,1,1,True,1.000-1.000
chempile-tox,chempile-tox/moleculenet_toxcast/nvs_gpcr_hdrd1,2,2,True,1.000-1.000
chempile-tox,chempile-tox/moleculenet_toxcast/nvs_gpcr_hdrd2s,3,3,True,0.000-1.000
chempile-tox,chempile-tox/moleculenet_toxcast/nvs_gpcr_hdrd4.4,2,2,True,1.000-1.000
chempile-tox,chempile-tox/moleculenet_toxcast/nvs_gpcr_hh1,1,1,True,1.000-1.000
chempile-tox,chempile-tox/moleculenet_toxcast/nvs_gpcr_hm1,1,1,True,1.000-1.000
chempile-tox,chempile-tox/moleculenet_toxcast/nvs_gpcr_hm2,1,1,True,1.000-1.000
chempile-tox,chempile-tox/moleculenet_toxcast/nvs_gpcr_hm3,2,2,True,1.000-1.000
chempile-tox,chempile-tox/moleculenet_toxcast/nvs_gpcr_hm4,3,3,True,0.000-1.000
chempile-tox,chempile-tox/moleculenet_toxcast/nvs_gpcr_hnk2,2,2,True,0.000-0.000
chempile-tox,chempile-tox/moleculenet_toxcast/nvs_gpcr_hopiate_d1,1,1,True,1.000-1.000
chempile-tox,chempile-tox/moleculenet_toxcast/nvs_gpcr_hopiate_mu,1,1,True,1.000-1.000
chempile-tox,chempile-tox/moleculenet_toxcast/nvs_gpcr_p5ht2c,1,1,True,1.000-1.000
chempile-tox,chempile-tox/moleculenet_toxcast/nvs_gpcr_r5ht1_nonselective,2,2,True,0.000-1.000
chempile-tox,chempile-tox/moleculenet_toxcast/nvs_gpcr_r5ht_nonselective,1,1,True,1.000-1.000
chempile-tox,chempile-tox/moleculenet_toxcast/nvs_gpcr_radra1b,1,1,True,1.000-1.000
chempile-tox,chempile-tox/moleculenet_toxcast/nvs_gpcr_radra1_nonselective,1,1,True,0.000-0.000
chempile-tox,chempile-tox/moleculenet_toxcast/nvs_gpcr_radra2_nonselective,1,1,True,0.000-0.000
chempile-tox,chempile-tox/moleculenet_toxcast/nvs_gpcr_radrb_nonselective,2,2,True,0.000-1.000
chempile-tox,chempile-tox/moleculenet_toxcast/nvs_gpcr_rnk1,1,1,True,1.000-1.000
chempile-tox,chempile-tox/moleculenet_toxcast/nvs_gpcr_rnk3,1,1,True,1.000-1.000
chempile-tox,chempile-tox/moleculenet_toxcast/nvs_gpcr_ropiate_nonselective,1,1,True,1.000-1.000
chempile-tox,chempile-tox/moleculenet_toxcast/nvs_gpcr_ropiate_nonselectivena,2,2,True,0.000-1.000
chempile-tox,chempile-tox/moleculenet_toxcast/nvs_gpcr_rsst,1,1,True,1.000-1.000
chempile-tox,chempile-tox/moleculenet_toxcast/nvs_gpcr_rtrh,8,8,True,0.000-0.000
chempile-tox,chempile-tox/moleculenet_toxcast/nvs_gpcr_rv1,1,1,True,1.000-1.000
chempile-tox,chempile-tox/moleculenet_toxcast/nvs_gpcr_rabpaf,1,1,True,1.000-1.000
chempile-tox,chempile-tox/moleculenet_toxcast/nvs_gpcr_rmadra2b,1,1,True,1.000-1.000
chempile-tox,chempile-tox/moleculenet_toxcast/nvs_ic_hkhergch,2,2,True,1.000-1.000
chempile-tox,chempile-tox/moleculenet_toxcast/nvs_ic_rcabtzchl,1,1,True,1.000-1.000
chempile-tox,chempile-tox/moleculenet_toxcast/nvs_ic_rcadhprch_l,1,1,True,1.000-1.000
chempile-tox,chempile-tox/moleculenet_toxcast/nvs_ic_rnach_site2,1,1,True,1.000-1.000
chempile-tox,chempile-tox/moleculenet_toxcast/nvs_lgic_h5ht3,1,1,True,0.000-0.000
chempile-tox,chempile-tox/moleculenet_toxcast/nvs_lgic_rgabar_nonselective,1,1,True,1.000-1.000
chempile-tox,chempile-tox/moleculenet_toxcast/nvs_lgic_rnnr_bungsens,1,1,True,0.000-0.000
chempile-tox,chempile-tox/moleculenet_toxcast/nvs_mp_hpbr,5,5,True,0.000-1.000
chempile-tox,chempile-tox/moleculenet_toxcast/nvs_mp_rpbr,5,5,True,0.000-1.000
chempile-tox,chempile-tox/moleculenet_toxcast/nvs_nr_ber,4,4,True,0.000-1.000
chempile-tox,chempile-tox/moleculenet_toxcast/nvs_nr_bpr,1,1,True,0.000-0.000
chempile-tox,chempile-tox/moleculenet_toxcast/nvs_nr_car,3,3,True,1.000-1.000
chempile-tox,chempile-tox/moleculenet_toxcast/nvs_nr_har,2,2,True,0.000-0.000
chempile-tox,chempile-tox/moleculenet_toxcast/nvs_nr_hcar_antagonist,4,4,True,0.000-1.000
chempile-tox,chempile-tox/moleculenet_toxcast/nvs_nr_her,4,4,True,0.000-1.000
chempile-tox,chempile-tox/moleculenet_toxcast/nvs_nr_hfxr_agonist,4,4,True,0.000-1.000
chempile-tox,chempile-tox/moleculenet_toxcast/nvs_nr_hfxr_antagonist,1,1,True,0.000-0.000
chempile-tox,chempile-tox/moleculenet_toxcast/nvs_nr_hgr,5,5,True,0.000-1.000
chempile-tox,chempile-tox/moleculenet_toxcast/nvs_nr_hppara,2,2,True,0.000-1.000
chempile-tox,chempile-tox/moleculenet_toxcast/nvs_nr_hpparg,7,7,True,0.000-1.000
chempile-tox,chempile-tox/moleculenet_toxcast/nvs_nr_hpr,3,3,True,0.000-1.000
chempile-tox,chempile-tox/moleculenet_toxcast/nvs_nr_hpxr,6,6,True,0.000-1.000
chempile-tox,chempile-tox/moleculenet_toxcast/nvs_nr_hrar_antagonist,2,2,True,0.000-0.000
chempile-tox,chempile-tox/moleculenet_toxcast/nvs_nr_hrara_agonist,1,1,True,0.000-0.000
chempile-tox,chempile-tox/moleculenet_toxcast/nvs_nr_htra_antagonist,6,6,True,0.000-1.000
chempile-tox,chempile-tox/moleculenet_toxcast/nvs_nr_mera,1,1,True,1.000-1.000
chempile-tox,chempile-tox/moleculenet_toxcast/nvs_nr_rar,5,5,True,0.000-1.000
chempile-tox,chempile-tox/moleculenet_toxcast/nvs_or_gsigma_nonselective,1,1,True,1.000-1.000
chempile-tox,chempile-tox/moleculenet_toxcast/nvs_tr_gdat,1,1,True,1.000-1.000
chempile-tox,chempile-tox/moleculenet_toxcast/nvs_tr_hadot,1,1,True,0.000-0.000
chempile-tox,chempile-tox/moleculenet_toxcast/nvs_tr_hdat,1,1,True,1.000-1.000
chempile-tox,chempile-tox/moleculenet_toxcast/nvs_tr_hnet,2,2,True,1.000-1.000
chempile-tox,chempile-tox/moleculenet_toxcast/nvs_tr_hsert,1,1,True,1.000-1.000
chempile-tox,chempile-tox/moleculenet_toxcast/nvs_tr_rnet,1,1,True,1.000-1.000
chempile-tox,chempile-tox/moleculenet_toxcast/nvs_tr_rsert,1,1,True,0.000-0.000
chempile-tox,chempile-tox/moleculenet_toxcast/ot_ar_areluc_ag_1440,12,12,True,0.000-1.000
chempile-tox,chempile-tox/moleculenet_toxcast/ot_ar_arsrc1_0480,11,11,True,0.000-0.000
chempile-tox,chempile-tox/moleculenet_toxcast/ot_ar_arsrc1_0960,12,12,True,0.000-1.000
chempile-tox,chempile-tox/moleculenet_toxcast/ot_er_eraera_0480,12,12,True,0.000-0.000
chempile-tox,chempile-tox/moleculenet_toxcast/ot_er_eraera_1440,11,11,True,0.000-0.000
chempile-tox,chempile-tox/moleculenet_toxcast/ot_er_eraerb_0480,12,12,True,0.000-0.000
chempile-tox,chempile-tox/moleculenet_toxcast/ot_er_eraerb_1440,11,11,True,0.000-0.000
chempile-tox,chempile-tox/moleculenet_toxcast/ot_er_erberb_0480,12,12,True,0.000-0.000
chempile-tox,chempile-tox/moleculenet_toxcast/ot_er_erberb_1440,11,11,True,0.000-0.000
chempile-tox,chempile-tox/moleculenet_toxcast/ot_era_eregfp_0120,12,12,True,0.000-1.000
chempile-tox,chempile-tox/moleculenet_toxcast/ot_era_eregfp_0480,12,12,True,0.000-0.000
chempile-tox,chempile-tox/moleculenet_toxcast/ot_fxr_fxrsrc1_0480,12,12,True,0.000-1.000
chempile-tox,chempile-tox/moleculenet_toxcast/ot_fxr_fxrsrc1_1440,11,11,True,0.000-0.000
chempile-tox,chempile-tox/moleculenet_toxcast/ot_nurr1_nurr1rxra_0480,12,12,True,0.000-0.000
chempile-tox,chempile-tox/moleculenet_toxcast/ot_nurr1_nurr1rxra_1440,12,12,True,0.000-0.000
chempile-tox,chempile-tox/moleculenet_toxcast/tox21_are_bla_agonist_ch1,29,29,True,0.000-1.000
chempile-tox,chempile-tox/moleculenet_toxcast/tox21_are_bla_agonist_ch2,29,29,True,0.000-0.000
chempile-tox,chempile-tox/moleculenet_toxcast/tox21_are_bla_agonist_ratio,29,29,True,0.000-1.000
chempile-tox,chempile-tox/moleculenet_toxcast/tox21_are_bla_agonist_viability,29,29,True,0.000-1.000
chempile-tox,chempile-tox/moleculenet_toxcast/tox21_ar_bla_agonist_ch1,36,36,True,0.000-0.000
chempile-tox,chempile-tox/moleculenet_toxcast/tox21_ar_bla_agonist_ch2,36,36,True,0.000-0.000
chempile-tox,chempile-tox/moleculenet_toxcast/tox21_ar_bla_agonist_ratio,36,36,True,0.000-1.000
chempile-tox,chempile-tox/moleculenet_toxcast/tox21_ar_bla_antagonist_ch1,36,36,True,0.000-0.000
chempile-tox,chempile-tox/moleculenet_toxcast/tox21_ar_bla_antagonist_ch2,36,36,True,0.000-0.000
chempile-tox,chempile-tox/moleculenet_toxcast/tox21_ar_bla_antagonist_ratio,36,36,True,0.000-1.000
chempile-tox,chempile-tox/moleculenet_toxcast/tox21_ar_bla_antagonist_viability,36,36,True,0.000-1.000
chempile-tox,chempile-tox/moleculenet_toxcast/tox21_ar_luc_mdakb2_agonist,36,36,True,0.000-0.000
chempile-tox,chempile-tox/moleculenet_toxcast/tox21_ar_luc_mdakb2_antagonist,36,36,True,0.000-1.000
chempile-tox,chempile-tox/moleculenet_toxcast/tox21_ar_luc_mdakb2_antagonist2,29,29,True,0.000-1.000
chempile-tox,chempile-tox/moleculenet_toxcast/tox21_ahr_luc_agonist,36,36,True,0.000-1.000
chempile-tox,chempile-tox/moleculenet_toxcast/tox21_aromatase_inhibition,36,36,True,0.000-1.000
chempile-tox,chempile-tox/moleculenet_toxcast/tox21_autofluor_hek293_cell_blue,36,36,True,0.000-0.000
chempile-tox,chempile-tox/moleculenet_toxcast/tox21_autofluor_hek293_media_blue,36,36,True,0.000-0.000
chempile-tox,chempile-tox/moleculenet_toxcast/tox21_autofluor_hepg2_cell_blue,36,36,True,0.000-1.000
chempile-tox,chempile-tox/moleculenet_toxcast/tox21_autofluor_hepg2_cell_green,36,36,True,0.000-1.000
chempile-tox,chempile-tox/moleculenet_toxcast/tox21_autofluor_hepg2_media_blue,36,36,True,0.000-0.000
chempile-tox,chempile-tox/moleculenet_toxcast/tox21_autofluor_hepg2_media_green,36,36,True,0.000-1.000
chempile-tox,chempile-tox/moleculenet_toxcast/tox21_elg1_luc_agonist,27,27,True,0.000-0.000
chempile-tox,chempile-tox/moleculenet_toxcast/tox21_era_bla_agonist_ch1,36,36,True,0.000-1.000
chempile-tox,chempile-tox/moleculenet_toxcast/tox21_era_bla_agonist_ch2,36,36,True,0.000-1.000
chempile-tox,chempile-tox/moleculenet_toxcast/tox21_era_bla_agonist_ratio,36,36,True,0.000-1.000
chempile-tox,chempile-tox/moleculenet_toxcast/tox21_era_bla_antagonist_ch1,36,36,True,0.000-1.000
chempile-tox,chempile-tox/moleculenet_toxcast/tox21_era_bla_antagonist_ch2,36,36,True,0.000-1.000
chempile-tox,chempile-tox/moleculenet_toxcast/tox21_era_bla_antagonist_ratio,36,36,True,0.000-1.000
chempile-tox,chempile-tox/moleculenet_toxcast/tox21_era_bla_antagonist_viability,36,36,True,0.000-1.000
chempile-tox,chempile-tox/moleculenet_toxcast/tox21_era_luc_bg1_agonist,36,36,True,0.000-1.000
chempile-tox,chempile-tox/moleculenet_toxcast/tox21_era_luc_bg1_antagonist,36,36,True,0.000-1.000
chempile-tox,chempile-tox/moleculenet_toxcast/tox21_esre_bla_ch1,29,29,True,0.000-0.000
chempile-tox,chempile-tox/moleculenet_toxcast/tox21_esre_bla_ch2,29,29,True,0.000-1.000
chempile-tox,chempile-tox/moleculenet_toxcast/tox21_esre_bla_ratio,29,29,True,0.000-1.000
chempile-tox,chempile-tox/moleculenet_toxcast/tox21_esre_bla_viability,29,29,True,0.000-1.000
chempile-tox,chempile-tox/moleculenet_toxcast/tox21_fxr_bla_antagonist_ch1,29,29,True,0.000-1.000
chempile-tox,chempile-tox/moleculenet_toxcast/tox21_fxr_bla_antagonist_ch2,29,29,True,0.000-1.000
chempile-tox,chempile-tox/moleculenet_toxcast/tox21_fxr_bla_agonist_ch2,29,29,True,0.000-0.000
chempile-tox,chempile-tox/moleculenet_toxcast/tox21_fxr_bla_agonist_ratio,29,29,True,0.000-1.000
chempile-tox,chempile-tox/moleculenet_toxcast/tox21_fxr_bla_antagonist_ratio,29,29,True,0.000-1.000
chempile-tox,chempile-tox/moleculenet_toxcast/tox21_fxr_bla_antagonist_viability,29,29,True,0.000-1.000
chempile-tox,chempile-tox/moleculenet_toxcast/tox21_gr_bla_agonist_ch1,36,36,True,0.000-1.000
chempile-tox,chempile-tox/moleculenet_toxcast/tox21_gr_bla_agonist_ch2,36,36,True,0.000-0.000
chempile-tox,chempile-tox/moleculenet_toxcast/tox21_gr_bla_agonist_ratio,36,36,True,0.000-1.000
chempile-tox,chempile-tox/moleculenet_toxcast/tox21_gr_bla_antagonist_ch2,36,36,True,0.000-1.000
chempile-tox,chempile-tox/moleculenet_toxcast/tox21_gr_bla_antagonist_ratio,36,36,True,0.000-0.000
chempile-tox,chempile-tox/moleculenet_toxcast/tox21_gr_bla_antagonist_viability,36,36,True,0.000-1.000
chempile-tox,chempile-tox/moleculenet_toxcast/tox21_hse_bla_agonist_ch1,29,29,True,0.000-1.000
chempile-tox,chempile-tox/moleculenet_toxcast/tox21_hse_bla_agonist_ch2,29,29,True,0.000-0.000
chempile-tox,chempile-tox/moleculenet_toxcast/tox21_hse_bla_agonist_ratio,29,29,True,0.000-1.000
chempile-tox,chempile-tox/moleculenet_toxcast/tox21_hse_bla_agonist_viability,29,29,True,0.000-1.000
chempile-tox,chempile-tox/moleculenet_toxcast/tox21_mmp_ratio_down,27,27,True,0.000-1.000
chempile-tox,chempile-tox/moleculenet_toxcast/tox21_mmp_ratio_up,27,27,True,0.000-1.000
chempile-tox,chempile-tox/moleculenet_toxcast/tox21_mmp_viability,27,27,True,0.000-1.000
chempile-tox,chempile-tox/moleculenet_toxcast/tox21_nfkb_bla_agonist_ch1,29,29,True,0.000-1.000
chempile-tox,chempile-tox/moleculenet_toxcast/tox21_nfkb_bla_agonist_ch2,29,29,True,0.000-0.000
chempile-tox,chempile-tox/moleculenet_toxcast/tox21_nfkb_bla_agonist_ratio,29,29,True,0.000-1.000
chempile-tox,chempile-tox/moleculenet_toxcast/tox21_nfkb_bla_agonist_viability,29,29,True,0.000-1.000
chempile-tox,chempile-tox/moleculenet_toxcast/tox21_ppard_bla_agonist_viability,29,29,True,0.000-1.000
chempile-tox,chempile-tox/moleculenet_toxcast/tox21_ppard_bla_antagonist_ch1,29,29,True,0.000-1.000
chempile-tox,chempile-tox/moleculenet_toxcast/tox21_ppard_bla_agonist_ch1,29,29,True,0.000-0.000
chempile-tox,chempile-tox/moleculenet_toxcast/tox21_ppard_bla_agonist_ch2,29,29,True,0.000-0.000
chempile-tox,chempile-tox/moleculenet_toxcast/tox21_ppard_bla_agonist_ratio,29,29,True,0.000-0.000
chempile-tox,chempile-tox/moleculenet_toxcast/tox21_ppard_bla_antagonist_ratio,29,29,True,0.000-1.000
chempile-tox,chempile-tox/moleculenet_toxcast/tox21_ppard_bla_antagonist_viability,29,29,True,0.000-0.000
chempile-tox,chempile-tox/moleculenet_toxcast/tox21_pparg_bla_agonist_ch1,36,36,True,0.000-0.000
chempile-tox,chempile-tox/moleculenet_toxcast/tox21_pparg_bla_agonist_ch2,36,36,True,0.000-0.000
chempile-tox,chempile-tox/moleculenet_toxcast/tox21_pparg_bla_agonist_ratio,36,36,True,0.000-1.000
chempile-tox,chempile-tox/moleculenet_toxcast/tox21_pparg_bla_antagonist_ch1,29,29,True,0.000-0.000
chempile-tox,chempile-tox/moleculenet_toxcast/tox21_pparg_bla_antagonist_ratio,29,29,True,0.000-0.000
chempile-tox,chempile-tox/moleculenet_toxcast/tox21_pparg_bla_antagonist_viability,29,29,True,0.000-0.000
chempile-tox,chempile-tox/moleculenet_toxcast/tox21_tr_luc_gh3_agonist,36,36,True,0.000-0.000
chempile-tox,chempile-tox/moleculenet_toxcast/tox21_tr_luc_gh3_antagonist,36,36,True,0.000-1.000
chempile-tox,chempile-tox/moleculenet_toxcast/tox21_vdr_bla_agonist_viability,29,29,True,0.000-1.000
chempile-tox,chempile-tox/moleculenet_toxcast/tox21_vdr_bla_antagonist_ch1,29,29,True,0.000-0.000
chempile-tox,chempile-tox/moleculenet_toxcast/tox21_vdr_bla_agonist_ch2,29,29,True,0.000-0.000
chempile-tox,chempile-tox/moleculenet_toxcast/tox21_vdr_bla_agonist_ratio,29,29,True,0.000-0.000
chempile-tox,chempile-tox/moleculenet_toxcast/tox21_vdr_bla_antagonist_ratio,29,29,True,0.000-1.000
chempile-tox,chempile-tox/moleculenet_toxcast/tox21_vdr_bla_antagonist_viability,29,29,True,0.000-1.000
chempile-tox,chempile-tox/moleculenet_toxcast/tox21_p53_bla_p1_ch1,36,36,True,0.000-1.000
chempile-tox,chempile-tox/moleculenet_toxcast/tox21_p53_bla_p1_ch2,36,36,True,0.000-1.000
chempile-tox,chempile-tox/moleculenet_toxcast/tox21_p53_bla_p1_ratio,36,36,True,0.000-1.000
chempile-tox,chempile-tox/moleculenet_toxcast/tox21_p53_bla_p1_viability,36,36,True,0.000-1.000
chempile-tox,chempile-tox/moleculenet_toxcast/tox21_p53_bla_p2_ch1,36,36,True,0.000-1.000
chempile-tox,chempile-tox/moleculenet_toxcast/tox21_p53_bla_p2_ch2,36,36,True,0.000-1.000
chempile-tox,chempile-tox/moleculenet_toxcast/tox21_p53_bla_p2_ratio,36,36,True,0.000-1.000
chempile-tox,chempile-tox/moleculenet_toxcast/tox21_p53_bla_p2_viability,36,36,True,0.000-1.000
chempile-tox,chempile-tox/moleculenet_toxcast/tox21_p53_bla_p3_ch1,36,36,True,0.000-1.000
chempile-tox,chempile-tox/moleculenet_toxcast/tox21_p53_bla_p3_ch2,36,36,True,0.000-1.000
chempile-tox,chempile-tox/moleculenet_toxcast/tox21_p53_bla_p3_ratio,36,36,True,0.000-1.000
chempile-tox,chempile-tox/moleculenet_toxcast/tox21_p53_bla_p3_viability,36,36,True,0.000-1.000
chempile-tox,chempile-tox/moleculenet_toxcast/tox21_p53_bla_p4_ch1,36,36,True,0.000-1.000
chempile-tox,chempile-tox/moleculenet_toxcast/tox21_p53_bla_p4_ch2,36,36,True,0.000-1.000
chempile-tox,chempile-tox/moleculenet_toxcast/tox21_p53_bla_p4_ratio,36,36,True,0.000-1.000
chempile-tox,chempile-tox/moleculenet_toxcast/tox21_p53_bla_p4_viability,36,36,True,0.000-1.000
chempile-tox,chempile-tox/moleculenet_toxcast/tox21_p53_bla_p5_ch1,36,36,True,0.000-1.000
chempile-tox,chempile-tox/moleculenet_toxcast/tox21_p53_bla_p5_ch2,36,36,True,0.000-1.000
chempile-tox,chempile-tox/moleculenet_toxcast/tox21_p53_bla_p5_ratio,36,36,True,0.000-1.000
chempile-tox,chempile-tox/moleculenet_toxcast/tox21_p53_bla_p5_viability,36,36,True,0.000-1.000
chempile-tox,chempile-tox/moleculenet_toxcast/tanguay_zf_120hpf_axis_up,6,6,True,0.000-0.000
chempile-tox,chempile-tox/moleculenet_toxcast/tanguay_zf_120hpf_activityscore,6,6,True,0.000-1.000
chempile-tox,chempile-tox/moleculenet_toxcast/tanguay_zf_120hpf_brai_up,6,6,True,0.000-0.000
chempile-tox,chempile-tox/moleculenet_toxcast/tanguay_zf_120hpf_cfin_up,6,6,True,0.000-0.000
chempile-tox,chempile-tox/moleculenet_toxcast/tanguay_zf_120hpf_circ_up,6,6,True,0.000-0.000
chempile-tox,chempile-tox/moleculenet_toxcast/tanguay_zf_120hpf_eye_up,6,6,True,0.000-0.000
chempile-tox,chempile-tox/moleculenet_toxcast/tanguay_zf_120hpf_jaw_up,6,6,True,0.000-0.000
chempile-tox,chempile-tox/moleculenet_toxcast/tanguay_zf_120hpf_mort_up,6,6,True,0.000-1.000
chempile-tox,chempile-tox/moleculenet_toxcast/tanguay_zf_120hpf_otic_up,6,6,True,0.000-0.000
chempile-tox,chempile-tox/moleculenet_toxcast/tanguay_zf_120hpf_pe_up,6,6,True,0.000-0.000
chempile-tox,chempile-tox/moleculenet_toxcast/tanguay_zf_120hpf_pfin_up,6,6,True,0.000-0.000
chempile-tox,chempile-tox/moleculenet_toxcast/tanguay_zf_120hpf_pig_up,6,6,True,0.000-0.000
chempile-tox,chempile-tox/moleculenet_toxcast/tanguay_zf_120hpf_snou_up,6,6,True,0.000-0.000
chempile-tox,chempile-tox/moleculenet_toxcast/tanguay_zf_120hpf_somi_up,6,6,True,0.000-0.000
chempile-tox,chempile-tox/moleculenet_toxcast/tanguay_zf_120hpf_swim_up,6,6,True,0.000-0.000
chempile-tox,chempile-tox/moleculenet_toxcast/tanguay_zf_120hpf_trun_up,6,6,True,0.000-0.000
chempile-tox,chempile-tox/moleculenet_toxcast/tanguay_zf_120hpf_tr_up,6,6,True,0.000-0.000
chempile-tox,chempile-tox/moleculenet_toxcast/tanguay_zf_120hpf_yse_up,6,6,True,0.000-0.000
chempile-tox,chempile-tox/tdc_hia_hou/label,261,261,True,0.000-1.000
chempile-tox,chempile-tox/moleculenet_tox21/nr_ar,4,4,True,0.000-0.000
chempile-tox,chempile-tox/moleculenet_tox21/nr_ar_lbd,4,4,True,0.000-0.000
chempile-tox,chempile-tox/moleculenet_tox21/nr_ahr,4,4,True,0.000-0.000
chempile-tox,chempile-tox/moleculenet_tox21/nr_aromatase,4,4,True,0.000-1.000
chempile-tox,chempile-tox/moleculenet_tox21/nr_er,4,4,True,0.000-0.000
chempile-tox,chempile-tox/moleculenet_tox21/nr_er_lbd,4,4,True,0.000-0.000
chempile-tox,chempile-tox/moleculenet_tox21/nr_ppar_gamma,3,3,True,0.000-0.000
chempile-tox,chempile-tox/moleculenet_tox21/sr_are,4,4,True,0.000-1.000
chempile-tox,chempile-tox/moleculenet_tox21/sr_atad5,4,4,True,0.000-0.000
chempile-tox,chempile-tox/moleculenet_tox21/sr_hse,4,4,True,0.000-0.000
chempile-tox,chempile-tox/moleculenet_tox21/sr_mmp,3,3,True,0.000-0.000
chempile-tox,chempile-tox/moleculenet_tox21/sr_p53,3,3,True,0.000-0.000
chempile-tox,chempile-tox/tdc_bioavailability_ma/label,16,16,True,0.000-1.000
chempile-tox,chempile-tox/tdc_cyp2c19_veith/label,5,5,True,0.000-0.000
chempile-tox,chempile-tox/moleculenet_lipophilicity/label,999,999,False,-1.450-4.500
chempile-tox,chempile-tox/moleculenet_freesolv/label,94,94,False,-11.010-2.970
chempile-tox,chempile-tox/tdc_pgp_broccatelli/label,646,645,True,0.000-1.000
chempile-tox,chempile-tox/tdc_cyp1a2_veith/label,4,4,True,0.000-0.000
chempile-tox,chempile-tox/tdc_cyp3a4_veith/label,6,6,True,0.000-0.000
chempile-tox,chempile-tox/tdc_ames/label,2151,2146,True,0.000-1.000
chempile-tox,chempile-tox/moleculenet_esol/label,163,162,False,-11.600-0.651
chempile-tox,chempile-tox/tdc_caco2_wang/label,442,440,False,-7.760--3.729
unitox,unitox/unitox_small_molecules/cardio_toxicity_confident_ternary_rating_0_1,255,255,True,0.000-1.000
unitox,unitox/unitox_small_molecules/cardio_toxicity_binary_rating_0_1,398,398,True,0.000-1.000
unitox,unitox/unitox_small_molecules/dermatological_toxicity_confident_ternary_rating_0_1,282,282,True,0.000-1.000
unitox,unitox/unitox_small_molecules/dermatological_toxicity_binary_rating_0_1,398,398,True,0.000-1.000
unitox,unitox/unitox_small_molecules/hematological_confident_ternary_rating_0_1,316,316,True,0.000-1.000
unitox,unitox/unitox_small_molecules/hematological_binary_rating_0_1,398,398,True,0.000-1.000
unitox,unitox/unitox_small_molecules/infertility_confident_ternary_rating_0_1,304,304,True,0.000-1.000
unitox,unitox/unitox_small_molecules/infertility_binary_rating_0_1,398,398,True,0.000-1.000
unitox,unitox/unitox_small_molecules/liver_toxicity_confident_ternary_rating_0_1,268,268,True,0.000-1.000
unitox,unitox/unitox_small_molecules/liver_toxicity_binary_rating_0_1,398,398,True,0.000-1.000
unitox,unitox/unitox_small_molecules/ototoxicity_confident_ternary_rating_0_1,363,363,True,0.000-1.000
unitox,unitox/unitox_small_molecules/ototoxicity_binary_rating_0_1,398,398,True,0.000-1.000
unitox,unitox/unitox_small_molecules/pulmonary_toxicity_confident_ternary_rating_0_1,305,305,True,0.000-1.000
unitox,unitox/unitox_small_molecules/pulmonary_toxicity_binary_rating_0_1,398,398,True,0.000-1.000
unitox,unitox/unitox_small_molecules/renal_toxicity_confident_ternary_rating_0_1,276,276,True,0.000-1.000
unitox,unitox/unitox_small_molecules/renal_toxicity_binary_rating_0_1,398,398,True,0.000-1.000
skin-reaction,skin-reaction/skin_reaction/label,143,143,True,0.000-1.000
skin-sens-multiassay,skin-sens-multiassay/skin_sensitization_multiassay/dpra_cys_depletion,21,21,False,0.000-100.000
skin-sens-multiassay,skin-sens-multiassay/skin_sensitization_multiassay/dpra_lys_depletion,21,21,False,0.000-100.000
skin-sens-multiassay,skin-sens-multiassay/skin_sensitization_multiassay/dpra_positive,23,23,True,0.000-1.000
skin-sens-multiassay,skin-sens-multiassay/skin_sensitization_multiassay/keratinosens_ec15,57,57,False,0.000-4000.000
skin-sens-multiassay,skin-sens-multiassay/skin_sensitization_multiassay/keratinosens_positive,57,57,True,0.000-1.000
skin-sens-multiassay,skin-sens-multiassay/skin_sensitization_multiassay/hclat_usens_ec150,24,24,False,0.000-259.200
skin-sens-multiassay,skin-sens-multiassay/skin_sensitization_multiassay/hclat_ec200,20,20,False,0.000-1823.600
skin-sens-multiassay,skin-sens-multiassay/skin_sensitization_multiassay/hclat_cv75,24,24,False,2.300-1000.000
skin-sens-multiassay,skin-sens-multiassay/skin_sensitization_multiassay/hclat_positive,29,29,True,0.000-1.000
skin-sens-multiassay,skin-sens-multiassay/skin_sensitization_multiassay/adra_nac,5,5,False,13.200-100.000
skin-sens-multiassay,skin-sens-multiassay/skin_sensitization_multiassay/adra_nal,5,5,False,0.700-100.000
skin-sens-multiassay,skin-sens-multiassay/skin_sensitization_multiassay/kdpra_log,12,12,False,-3.500--0.140
skin-sens-multiassay,skin-sens-multiassay/skin_sensitization_multiassay/usens_cv70,15,15,False,3.000-200.000
skin-sens-multiassay,skin-sens-multiassay/skin_sensitization_multiassay/il8_luc,4,4,False,0.200-44.400
skin-sens-multiassay,skin-sens-multiassay/skin_sensitization_multiassay/llna_ec3,97,97,False,0.000-1475.000
skin-sens-multiassay,skin-sens-multiassay/skin_sensitization_multiassay/llna_positive,97,97,True,0.000-1.000
qsar-aquatic-tox,qsar-aquatic-tox/aquatic_toxicity/mol_weight,623,621,False,24.023-1338.060
qsar-aquatic-tox,qsar-aquatic-tox/aquatic_toxicity/molecular_weight,623,621,False,24.021-1338.087
qsar-aquatic-tox,qsar-aquatic-tox/aquatic_toxicity/pec50_daphnia,339,339,False,-0.914-7.391
qsar-aquatic-tox,qsar-aquatic-tox/aquatic_toxicity/plc50_fish,301,300,False,-2.038-6.508
qsar-aquatic-tox,qsar-aquatic-tox/aquatic_toxicity/mgl_daphnia,339,339,False,0.000-1943.000
qsar-aquatic-tox,qsar-aquatic-tox/aquatic_toxicity/mgl_fish,301,300,False,0.000-14882.891
qsar-aquatic-tox,qsar-aquatic-tox/aquatic_toxicity/pec50_algae,202,202,False,-0.881-4.217
qsar-aquatic-tox,qsar-aquatic-tox/aquatic_toxicity/mgl_algae,202,202,False,0.015-1050.000
ames-benchmark,ames-benchmark/ames_cv_splits/fold,9380,1876,False,1.000-5.000
ames-benchmark,ames-benchmark/ames_cv_splits/compound_index,9380,1876,False,7.000-6507.000
ames-benchmark,ames-benchmark/ames_cv_splits/ames_class,9380,1876,True,0.000-1.000
ames-benchmark,ames-benchmark/ames_compounds/ames_class,1876,1876,True,0.000-1.000
carcinogens-lagunin,carcinogens-lagunin/carcinogens_lagunin/label,53,52,True,0.000-1.000
admet-huggingface,admet-huggingface/admet/AMES,2146,2146,True,0.000-1.000
admet-huggingface,admet-huggingface/admet/Bioavailability_Ma,16,16,True,0.000-1.000
admet-huggingface,admet-huggingface/admet/CYP1A2_Veith,4,4,True,0.000-0.000
admet-huggingface,admet-huggingface/admet/CYP2C19_Veith,5,5,True,0.000-0.000
admet-huggingface,admet-huggingface/admet/CYP2C9_Substrate_CarbonMangels,142,142,True,0.000-1.000
admet-huggingface,admet-huggingface/admet/CYP2C9_Veith,6,6,True,0.000-0.000
admet-huggingface,admet-huggingface/admet/CYP2D6_Substrate_CarbonMangels,142,142,True,0.000-1.000
admet-huggingface,admet-huggingface/admet/CYP2D6_Veith,6,6,True,0.000-0.000
admet-huggingface,admet-huggingface/admet/CYP3A4_Substrate_CarbonMangels,144,144,True,0.000-1.000
admet-huggingface,admet-huggingface/admet/CYP3A4_Veith,6,6,True,0.000-0.000
admet-huggingface,admet-huggingface/admet/Caco2_Wang,442,440,False,-7.760--3.729
admet-huggingface,admet-huggingface/admet/Carcinogens_Lagunin,52,52,True,0.000-1.000
admet-huggingface,admet-huggingface/admet/Clearance_Hepatocyte_AZ,231,231,False,3.000-150.000
admet-huggingface,admet-huggingface/admet/Clearance_Microsome_AZ,245,245,False,3.000-150.000
admet-huggingface,admet-huggingface/admet/ClinTox,1,1,True,0.000-0.000
admet-huggingface,admet-huggingface/admet/DILI,36,36,True,0.000-1.000
admet-huggingface,admet-huggingface/admet/HIA_Hou,261,261,True,0.000-1.000
admet-huggingface,admet-huggingface/admet/Half_Life_Obach,43,43,False,0.650-730.000
admet-huggingface,admet-huggingface/admet/HydrationFreeEnergy_FreeSolv,94,94,False,-11.010-2.970
admet-huggingface,admet-huggingface/admet/LD50_Zhu,879,879,False,0.582-7.100
admet-huggingface,admet-huggingface/admet/Lipophilicity_AstraZeneca,999,999,False,-1.450-4.500
admet-huggingface,admet-huggingface/admet/NR-AR-LBD,4,4,True,0.000-0.000
admet-huggingface,admet-huggingface/admet/NR-AR,4,4,True,0.000-0.000
admet-huggingface,admet-huggingface/admet/NR-AhR,4,4,True,0.000-0.000
admet-huggingface,admet-huggingface/admet/NR-Aromatase,4,4,True,0.000-1.000
admet-huggingface,admet-huggingface/admet/NR-ER-LBD,4,4,True,0.000-0.000
admet-huggingface,admet-huggingface/admet/NR-ER,4,4,True,0.000-0.000
admet-huggingface,admet-huggingface/admet/NR-PPAR-gamma,3,3,True,0.000-0.000
admet-huggingface,admet-huggingface/admet/PPBR_AZ,387,387,False,12.630-99.950
admet-huggingface,admet-huggingface/admet/Pgp_Broccatelli,645,645,True,0.000-1.000
admet-huggingface,admet-huggingface/admet/SR-ARE,4,4,True,0.000-1.000
admet-huggingface,admet-huggingface/admet/SR-ATAD5,4,4,True,0.000-0.000
admet-huggingface,admet-huggingface/admet/SR-HSE,4,4,True,0.000-0.000
admet-huggingface,admet-huggingface/admet/SR-MMP,3,3,True,0.000-0.000
admet-huggingface,admet-huggingface/admet/SR-p53,3,3,True,0.000-0.000
admet-huggingface,admet-huggingface/admet/Skin_Reaction,143,143,True,0.000-1.000
admet-huggingface,admet-huggingface/admet/Solubility_AqSolDB,3411,3411,False,-12.950-1.582
admet-huggingface,admet-huggingface/admet/VDss_Lombardo,581,581,False,0.040-80.500
admet-huggingface,admet-huggingface/admet/hERG,347,345,True,0.000-1.000
computational-adme,computational-adme/adme/log_hlm_clint,2426,2426,False,0.676-3.340
computational-adme,computational-adme/adme/log_mdr1_mdck_er,2075,2075,False,-1.162-2.725
computational-adme,computational-adme/adme/log_solubility_ph68,1621,1621,False,-1.000-2.179
computational-adme,computational-adme/adme/log_ppb_human,112,112,False,-1.119-2.000
computational-adme,computational-adme/adme/log_ppb_rat,85,85,False,-0.824-2.000
computational-adme,computational-adme/adme/log_rlm_clint,2401,2401,False,1.028-3.970
bioavailability-ma,bioavailability-ma/bioavailability_ma/label,16,16,True,0.000-1.000
solubility-aqsoldb,solubility-aqsoldb/solubility_aqsoldb/label,3413,3413,False,-12.950-1.582
esol,esol/esol_solubility/measured_logsolubility_mol/l,166,162,False,-11.600-0.651
esol,esol/esol_solubility/esol_predicted_logsolubility_mol/l,166,162,False,-9.589-0.471
smiles-adr,smiles-adr/smiles_adr/label,36610,174,True,0.000-1.000
withdrawn,withdrawn/withdrawn_drugs/ld50,49,49,False,0.000-11380.000
withdrawn,withdrawn/withdrawn_drugs/toxclass,49,49,False,0.000-6.000
withdrawn,withdrawn/withdrawn_drugs/firstwithdrawn,26,26,False,1957.000-2009.000
withdrawn,withdrawn/withdrawn_drugs/lastwithdrawn,24,24,False,1957.000-2006.000
withdrawn,withdrawn/withdrawn_drugs/firstapproval,34,34,False,1939.000-1997.000
withdrawn,withdrawn/withdrawn_drugs/firstdeath,5,5,False,1936.000-1991.000
withdrawn,withdrawn/withdrawn_drugs/hba,49,49,False,0.000-52.000
withdrawn,withdrawn/withdrawn_drugs/hbd,49,49,False,0.000-17.000
withdrawn,withdrawn/withdrawn_drugs/nrbonds,49,49,False,0.000-55.000
withdrawn,withdrawn/withdrawn_drugs/tpsa,49,49,False,0.000-901.000
adore-ecotox,adore-ecotox/ecotox_summary/conc_mg_l_mean,594,267,False,0.000-9129.000
adore-ecotox,adore-ecotox/ecotox_summary/conc_mg_l_min,594,267,False,0.000-9129.000
adore-ecotox,adore-ecotox/ecotox_summary/conc_mg_l_max,594,267,False,0.000-9129.000
adore-ecotox,adore-ecotox/ecotox_summary/n_measurements,594,267,False,1.000-25.000
adore-ecotox,adore-ecotox/ecotox_summary/conc_log_mean,594,267,False,-5.847-3.960
adore-ecotox,adore-ecotox/ecotox_summary/duration_hours_mean,594,267,False,24.000-96.000
adore-ecotox,adore-ecotox/ecotox_summary/molecular_weight,594,267,False,79.102-542.713
adore-ecotox,adore-ecotox/ecotox_summary/logp,594,267,False,-4.979-6.767
adore-ecotox,adore-ecotox/ecotox_fish/conc_mg_l,1065,198,False,0.000-5000.000
adore-ecotox,adore-ecotox/ecotox_fish/conc_mol_l,1065,198,False,0.000-0.040
adore-ecotox,adore-ecotox/ecotox_fish/conc_log,1065,198,False,-4.544-3.699
adore-ecotox,adore-ecotox/ecotox_fish/duration_hours,1065,198,False,24.000-96.000
adore-ecotox,adore-ecotox/ecotox_fish/molecular_weight,1065,198,False,79.102-542.713
adore-ecotox,adore-ecotox/ecotox_fish/water_solubility,1065,198,False,0.000-15.788
adore-ecotox,adore-ecotox/ecotox_fish/logp,1065,198,False,-4.979-6.767
adore-ecotox,adore-ecotox/ecotox_algae/conc_mg_l,30,18,False,0.000-66.000
adore-ecotox,adore-ecotox/ecotox_algae/conc_mol_l,30,18,False,0.000-0.001
adore-ecotox,adore-ecotox/ecotox_algae/conc_log,30,18,False,-3.857-1.820
adore-ecotox,adore-ecotox/ecotox_algae/duration_hours,30,18,False,48.000-96.000
adore-ecotox,adore-ecotox/ecotox_algae/molecular_weight,30,18,False,118.015-494.485
adore-ecotox,adore-ecotox/ecotox_algae/water_solubility,30,18,False,0.000-8.064
adore-ecotox,adore-ecotox/ecotox_algae/logp,30,18,False,-3.995-6.382
adore-ecotox,adore-ecotox/ecotox_crustacean/conc_mg_l,239,125,False,0.000-9129.000
adore-ecotox,adore-ecotox/ecotox_crustacean/conc_mol_l,239,125,False,0.000-0.036
adore-ecotox,adore-ecotox/ecotox_crustacean/conc_log,239,125,False,-6.375-3.960
adore-ecotox,adore-ecotox/ecotox_crustacean/duration_hours,239,125,False,24.000-96.000
adore-ecotox,adore-ecotox/ecotox_crustacean/molecular_weight,239,125,False,96.173-542.713
adore-ecotox,adore-ecotox/ecotox_crustacean/water_solubility,239,125,False,0.000-4.494
adore-ecotox,adore-ecotox/ecotox_crustacean/logp,239,125,False,-3.862-6.765
adore-ecotox,adore-ecotox/ecotox_mortality/conc_mg_l,1334,267,False,0.000-9129.000
adore-ecotox,adore-ecotox/ecotox_mortality/conc_mol_l,1334,267,False,0.000-0.040
adore-ecotox,adore-ecotox/ecotox_mortality/conc_log,1334,267,False,-6.375-3.960
adore-ecotox,adore-ecotox/ecotox_mortality/duration_hours,1334,267,False,24.000-96.000
adore-ecotox,adore-ecotox/ecotox_mortality/molecular_weight,1334,267,False,79.102-542.713
adore-ecotox,adore-ecotox/ecotox_mortality/water_solubility,1334,267,False,0.000-15.788
adore-ecotox,adore-ecotox/ecotox_mortality/logp,1334,267,False,-4.979-6.767
aquatic-moa-ecotox,aquatic-moa-ecotox/ecotox_combined/PubChem_CID,1536,512,False,1208.000-165339227.000
aquatic-moa-ecotox,aquatic-moa-ecotox/ecotox_combined/ALGAE_ACUTE_EC50_IRFMN_RECALCULATED,517,517,False,0.088-77.440
aquatic-moa-ecotox,aquatic-moa-ecotox/ecotox_combined/ALGAE_ACUTE_EC50_IRFMN_RECALCULATED_S_AD,500,500,False,0.000-3.000
aquatic-moa-ecotox,aquatic-moa-ecotox/ecotox_combined/ALGAE_ECOTOXDB_P5,20,20,False,0.003-192.900
aquatic-moa-ecotox,aquatic-moa-ecotox/ecotox_combined/ALGAE_ECOTOXDB_GEOMEAN,20,20,False,0.008-269.800
aquatic-moa-ecotox,aquatic-moa-ecotox/ecotox_combined/ALGAE_ECOTOXDB_GEOMEAN_S_AD,19,19,False,0.000-3.000
aquatic-moa-ecotox,aquatic-moa-ecotox/ecotox_combined/ALGAE_ECOTOXDB_P5_S_AD,19,19,False,0.000-3.000
aquatic-moa-ecotox,aquatic-moa-ecotox/ecotox_combined/ALGAE_ECOTOXDB_datapoints,20,20,False,1.000-18.000
aquatic-moa-ecotox,aquatic-moa-ecotox/ecotox_combined/DAPHNIA_MAGNA_ACUTE_EC50_IRFMN_RECALCULATED,517,517,False,0.000-1433.000
aquatic-moa-ecotox,aquatic-moa-ecotox/ecotox_combined/DAPHNIA_MAGNA_ACUTE_EC50_IRFMN_RECALCULATED_S_AD,500,500,False,0.000-3.000
aquatic-moa-ecotox,aquatic-moa-ecotox/ecotox_combined/CRUSTACEAN_ECOTOXDB_P5,24,24,False,0.000-419.000
aquatic-moa-ecotox,aquatic-moa-ecotox/ecotox_combined/CRUSTACEAN_ECOTOXDB_GEOMEAN,24,24,False,0.000-477.200
aquatic-moa-ecotox,aquatic-moa-ecotox/ecotox_combined/CRUSTACEAN_ECOTOXDB_P5_S_AD,23,23,False,0.000-3.000
aquatic-moa-ecotox,aquatic-moa-ecotox/ecotox_combined/CRUSTACEAN_ECOTOXDB_GEOMEAN_S_AD,23,23,False,0.000-3.000
aquatic-moa-ecotox,aquatic-moa-ecotox/ecotox_combined/CRUSTACEAN_ECOTOXDB_datapoints,24,24,False,1.000-7.000
aquatic-moa-ecotox,aquatic-moa-ecotox/ecotox_combined/FISH_ACUTE_LC50_IRFMN_RECALCULATED,517,517,False,0.205-39.890
aquatic-moa-ecotox,aquatic-moa-ecotox/ecotox_combined/FISH_ACUTE_LC50_IRFMN_RECALCULATED_S_AD,500,500,False,0.000-3.000
aquatic-moa-ecotox,aquatic-moa-ecotox/ecotox_combined/FISH_ECOTOXDB_P5,20,20,False,0.000-258.400
aquatic-moa-ecotox,aquatic-moa-ecotox/ecotox_combined/FISH_ECOTOXDB_GEOMEAN,20,20,False,0.000-415.400
aquatic-moa-ecotox,aquatic-moa-ecotox/ecotox_combined/FISH_ECOTOXDB_P5_S_AD,19,19,False,0.000-3.000
aquatic-moa-ecotox,aquatic-moa-ecotox/ecotox_combined/FISH_ECOTOXDB_GEOMEAN_S_AD,19,19,False,0.000-3.000
aquatic-moa-ecotox,aquatic-moa-ecotox/ecotox_combined/FISH_ECOTOXDB_datapoints,20,20,False,1.000-88.000
aquatic-moa-ecotox,aquatic-moa-ecotox/chemicals/S_AD,518,518,True,0.000-1.000
comptox-zebrafish,comptox-zebrafish/zebrafish_toxicity/axis,145,145,True,0.000-1.000
comptox-zebrafish,comptox-zebrafish/zebrafish_toxicity/activity_score,147,147,True,0.000-1.000
comptox-zebrafish,comptox-zebrafish/zebrafish_toxicity/brain,145,145,True,0.000-1.000
comptox-zebrafish,comptox-zebrafish/zebrafish_toxicity/caudal_fin,145,145,True,0.000-1.000
comptox-zebrafish,comptox-zebrafish/zebrafish_toxicity/circulation,145,145,True,0.000-1.000
comptox-zebrafish,comptox-zebrafish/zebrafish_toxicity/eye,145,145,True,0.000-1.000
comptox-zebrafish,comptox-zebrafish/zebrafish_toxicity/jaw,145,145,True,0.000-1.000
comptox-zebrafish,comptox-zebrafish/zebrafish_toxicity/mortality,147,147,True,0.000-1.000
comptox-zebrafish,comptox-zebrafish/zebrafish_toxicity/notochord,145,145,True,0.000-0.000
comptox-zebrafish,comptox-zebrafish/zebrafish_toxicity/otic,145,145,True,0.000-1.000
comptox-zebrafish,comptox-zebrafish/zebrafish_toxicity/pericardial_edema,145,145,True,0.000-1.000
comptox-zebrafish,comptox-zebrafish/zebrafish_toxicity/pectoral_fin,145,145,True,0.000-1.000
comptox-zebrafish,comptox-zebrafish/zebrafish_toxicity/pigmentation,145,145,True,0.000-1.000
comptox-zebrafish,comptox-zebrafish/zebrafish_toxicity/snout,145,145,True,0.000-1.000
comptox-zebrafish,comptox-zebrafish/zebrafish_toxicity/somite,145,145,True,0.000-1.000
comptox-zebrafish,comptox-zebrafish/zebrafish_toxicity/swim_bladder,145,145,True,0.000-1.000
comptox-zebrafish,comptox-zebrafish/zebrafish_toxicity/trunk,145,145,True,0.000-1.000
comptox-zebrafish,comptox-zebrafish/zebrafish_toxicity/touch_response,145,145,True,0.000-1.000
comptox-zebrafish,comptox-zebrafish/zebrafish_toxicity/yolk_sac_edema,145,145,True,0.000-1.000
concawe-petrotox,concawe-petrotox/hydrocarbon_library/Molar_Weight,1327,1277,False,70.134-569.051
concawe-petrotox,concawe-petrotox/hydrocarbon_library/HenryLC,1327,1277,False,0.000-7610.000
concawe-petrotox,concawe-petrotox/hydrocarbon_library/logKow,1327,1277,False,2.580-18.000
concawe-petrotox,concawe-petrotox/hydrocarbon_library/Class_Correction,1327,1277,False,-0.364-0.000
qsar-aquatic-tox,qsar-aquatic-tox/aquatic_toxicity/mol_weight,623,621,False,24.023-1338.060
qsar-aquatic-tox,qsar-aquatic-tox/aquatic_toxicity/molecular_weight,623,621,False,24.021-1338.087
qsar-aquatic-tox,qsar-aquatic-tox/aquatic_toxicity/pec50_daphnia,339,339,False,-0.914-7.391
qsar-aquatic-tox,qsar-aquatic-tox/aquatic_toxicity/plc50_fish,301,300,False,-2.038-6.508
qsar-aquatic-tox,qsar-aquatic-tox/aquatic_toxicity/mgl_daphnia,339,339,False,0.000-1943.000
qsar-aquatic-tox,qsar-aquatic-tox/aquatic_toxicity/mgl_fish,301,300,False,0.000-14882.891
qsar-aquatic-tox,qsar-aquatic-tox/aquatic_toxicity/pec50_algae,202,202,False,-0.881-4.217
qsar-aquatic-tox,qsar-aquatic-tox/aquatic_toxicity/mgl_algae,202,202,False,0.015-1050.000
pharmabench,pharmabench/pharmabench_bbb_penetration/value,4328,4317,True,0.000-1.000
pharmabench,pharmabench/pharmabench_ppb/value,595,595,False,0.001-1.000
pharmabench,pharmabench/pharmabench_cyp_2d6/value,95,95,False,0.075-100.000
pharmabench,pharmabench/pharmabench_cyp_3a4/value,259,259,False,0.004-100.000
pharmabench,pharmabench/pharmabench_combined/value,22753,21417,False,-8.469-100.000
pharmabench,pharmabench/pharmabench_combined/index,19076,18035,False,1.000-14817.000
pharmabench,pharmabench/pharmabench_combined/unnamed:_0,2075,1706,False,0.000-2285.000
pharmabench,pharmabench/pharmabench_rat_microsomal_clearance/value,374,374,False,-1.387-5.663
pharmabench,pharmabench/pharmabench_cyp_2c9/value,134,134,False,0.030-100.000
pharmabench,pharmabench/pharmabench_ames_toxicity/value,3082,3077,True,0.000-1.000
pharmabench,pharmabench/pharmabench_mouse_microsomal_clearance/value,775,775,False,-2.398-5.934
pharmabench,pharmabench/pharmabench_human_microsomal_clearance/value,926,926,False,-2.523-4.857
pharmabench,pharmabench/pharmabench_water_solubility/value,6556,6554,False,-8.469-10.140
pharmabench,pharmabench/pharmabench_logd/value,5629,5629,False,-4.800-9.110
cpdb,cpdb/bioassays/td50,1003,107,False,0.002-9999999999999999635896294965248.000
cpdb,cpdb/bioassays/pval,1003,107,False,0.000-1.000
cyp450,cyp450/cyp450_cyp2e1_training/label,795,795,True,0.000-1.000
cyp450,cyp450/cyp450_cyp2c19_testing/label,195,195,True,0.000-1.000
cyp450,cyp450/cyp450_cyp2c9_combined/label,1039,1036,True,0.000-1.000
cyp450,cyp450/cyp450_cyp3a4_training/label,1022,1018,True,0.000-1.000
cyp450,cyp450/cyp450_cyp3a4_combined/label,1210,1204,True,0.000-1.000
cyp450,cyp450/cyp450_cyp1a2_combined/label,1008,1003,True,0.000-1.000
cyp450,cyp450/cyp450_cyp2c19_training/label,809,808,True,0.000-1.000
cyp450,cyp450/cyp450_cyp3a4_testing/label,188,188,True,0.000-1.000
cyp450,cyp450/cyp450_cyp2e1_testing/label,183,183,True,0.000-1.000
cyp450,cyp450/cyp450_cyp1a2_training/label,830,826,True,0.000-1.000
cyp450,cyp450/cyp450_cyp2d6_testing/label,186,186,True,0.000-1.000
cyp450,cyp450/cyp450_cyp2c19_combined/label,1004,1002,True,0.000-1.000
cyp450,cyp450/cyp450_cyp2d6_combined/label,1065,1060,True,0.000-1.000
cyp450,cyp450/cyp450_cyp2d6_training/label,879,877,True,0.000-1.000
cyp450,cyp450/cyp450_cyp2c9_training/label,850,847,True,0.000-1.000
cyp450,cyp450/cyp450_cyp2c9_testing/label,189,189,True,0.000-1.000
cyp450,cyp450/cyp450_cyp1a2_testing/label,178,178,True,0.000-1.000
cyp450,cyp450/cyp450_cyp2e1_combined/label,978,978,True,0.000-1.000
